order_id,customer_id,order_date,channel,total_amount,order_status
1001,5328,2026-02-27 08:00:00,Shopee,487000,Completed
1002,5347,2026-02-14 17:00:00,TikTok Shop,324000,Completed
1003,5120,2026-09-16 17:00:00,Shopee,285000,Completed
1004,5333,2026-08-03 11:00:00,Shopee,220000,Completed
1005,5217,2026-06-24 12:00:00,TikTok Shop,190000,Completed
1006,5053,2026-02-17 14:00:00,Shopee,138000,Completed
1007,5310,2026-05-16 20:00:00,Official Website,417000,Completed
1008,5064,2026-07-13 09:00:00,Shopee,752000,Completed
1009,5099,2026-02-05 08:00:00,Shopee,339000,Completed
1010,5195,2026-05-23 15:00:00,Shopee,614000,Completed
1011,5137,2026-02-06 17:00:00,TikTok Shop,372000,Completed
1012,5195,2026-05-19 22:00:00,Shopee,293000,Completed
1013,5162,2026-07-25 12:00:00,TikTok Shop,285000,Completed
1014,5162,2026-04-19 18:00:00,Shopee,299000,Completed
1015,5136,2026-03-13 11:00:00,TikTok Shop,695000,Completed
1016,5186,2026-04-23 10:00:00,TikTok Shop,669000,Completed
1017,5082,2026-08-05 17:00:00,Shopee,230000,Completed
1018,5306,2026-08-28 16:00:00,Tokopedia,624000,Completed
1019,5350,2026-05-17 20:00:00,Shopee,581000,Completed
1020,5002,2026-05-15 16:00:00,TikTok Shop,267000,Completed
1021,5153,2026-09-17 17:00:00,Shopee,258000,Completed
1022,5083,2026-01-01 17:00:00,Shopee,509000,Completed
1023,5158,2026-05-03 08:00:00,Shopee,89000,Completed
1024,5249,2026-02-05 20:00:00,Shopee,594000,Completed
1025,5136,2026-09-28 21:00:00,TikTok Shop,717000,Completed
1026,5160,2026-07-24 18:00:00,Tokopedia,338000,Completed
1027,5116,2026-02-02 13:00:00,Tokopedia,285000,Completed
1028,5113,2026-01-04 09:00:00,TikTok Shop,502000,Completed
1029,5264,2026-05-02 12:00:00,Shopee,721000,Completed
1030,5296,2026-08-31 11:00:00,Shopee,204000,Completed
1031,5338,2026-08-09 13:00:00,Shopee,440000,Completed
1032,5345,2026-02-20 08:00:00,Official Website,184000,Completed
1033,5099,2026-04-08 16:00:00,Shopee,319000,Completed
1034,5237,2026-05-08 21:00:00,Shopee,417000,Completed
1035,5051,2026-01-26 18:00:00,Shopee,641000,Cancelled
1036,5247,2026-04-20 21:00:00,TikTok Shop,459000,Completed
1037,5200,2026-05-16 22:00:00,Shopee,600000,Completed
1038,5285,2026-09-07 10:00:00,TikTok Shop,105000,Completed
1039,5030,2026-02-01 19:00:00,TikTok Shop,833000,Completed
1040,5258,2026-03-22 08:00:00,Shopee,573000,Completed
1041,5346,2026-05-01 14:00:00,Official Website,285000,Completed
1042,5305,2026-01-21 17:00:00,Shopee,345000,Completed
1043,5299,2026-09-25 13:00:00,Shopee,423000,Completed
1044,5123,2026-05-16 14:00:00,TikTok Shop,210000,Completed
1045,5162,2026-02-07 08:00:00,Official Website,452000,Completed
1046,5260,2026-05-16 10:00:00,Shopee,456000,Completed
1047,5081,2026-08-13 21:00:00,TikTok Shop,661000,Completed
1048,5284,2026-06-03 22:00:00,TikTok Shop,615000,Completed
1049,5284,2026-03-21 12:00:00,TikTok Shop,259000,Completed
1050,5325,2026-05-16 16:00:00,Shopee,220000,Completed
1051,5325,2026-08-05 21:00:00,Shopee,509000,Completed
1052,5327,2026-05-15 10:00:00,Shopee,662000,Completed
1053,5058,2026-02-08 22:00:00,Official Website,1128000,Completed
1054,5076,2026-08-09 10:00:00,Shopee,210000,Completed
1055,5021,2026-07-03 11:00:00,Shopee,767000,Completed
1056,5318,2026-03-21 22:00:00,Shopee,129000,Completed
1057,5212,2026-01-13 10:00:00,Tokopedia,647000,Completed
1058,5137,2026-03-23 20:00:00,TikTok Shop,458000,Completed
1059,5236,2026-06-29 12:00:00,Official Website,95000,Completed
1060,5338,2026-04-09 14:00:00,Official Website,335000,Completed
1061,5180,2026-09-18 14:00:00,Official Website,668000,Completed
1062,5136,2026-01-20 09:00:00,Shopee,695000,Completed
1063,5262,2026-03-01 14:00:00,Shopee,728000,Completed
1064,5267,2026-04-11 13:00:00,Official Website,385000,Completed
1065,5161,2026-03-05 19:00:00,Shopee,348000,Completed
1066,5207,2026-06-01 16:00:00,Shopee,190000,Completed
1067,5341,2026-07-14 18:00:00,Shopee,813000,Completed
1068,5001,2026-06-05 12:00:00,Tokopedia,345000,Completed
1069,5311,2026-06-14 15:00:00,TikTok Shop,346000,Completed
1070,5243,2026-03-28 18:00:00,Shopee,315000,Completed
1071,5340,2026-06-21 09:00:00,Tokopedia,105000,Completed
1072,5102,2026-03-17 08:00:00,TikTok Shop,190000,Completed
1073,5313,2026-02-07 15:00:00,Shopee,423000,Completed
1074,5254,2026-07-24 11:00:00,TikTok Shop,185000,Completed
1075,5218,2026-04-23 10:00:00,Shopee,534000,Completed
1076,5069,2026-08-26 18:00:00,Official Website,837000,Completed
1077,5219,2026-08-17 22:00:00,Shopee,278000,Completed
1078,5133,2026-05-07 21:00:00,Tokopedia,694000,Completed
1079,5141,2026-08-14 09:00:00,TikTok Shop,775000,Completed
1080,5042,2026-03-12 10:00:00,Shopee,345000,Completed
1081,5079,2026-04-20 09:00:00,Shopee,603000,Completed
1082,5213,2026-02-01 11:00:00,TikTok Shop,762000,Completed
1083,5011,2026-07-14 15:00:00,Shopee,138000,Completed
1084,5200,2026-08-03 16:00:00,Shopee,646000,Completed
1085,5015,2026-07-19 13:00:00,Shopee,566000,Completed
1086,5274,2026-01-14 22:00:00,TikTok Shop,833000,Completed
1087,5070,2026-08-25 10:00:00,TikTok Shop,210000,Completed
1088,5168,2026-04-19 15:00:00,TikTok Shop,368000,Completed
1089,5216,2026-05-10 21:00:00,TikTok Shop,139000,Completed
1090,5277,2026-01-27 13:00:00,Tokopedia,267000,Completed
1091,5021,2026-01-16 11:00:00,Shopee,555000,Completed
1092,5079,2026-05-03 10:00:00,Tokopedia,299000,Completed
1093,5132,2026-07-08 10:00:00,Shopee,710000,Completed
1094,5014,2026-06-09 17:00:00,Official Website,417000,Completed
1095,5322,2026-05-05 09:00:00,TikTok Shop,637000,Completed
1096,5022,2026-06-27 16:00:00,Shopee,762000,Completed
1097,5175,2026-01-07 21:00:00,Official Website,648000,Completed
1098,5326,2026-08-24 19:00:00,Shopee,115000,Completed
1099,5268,2026-05-19 17:00:00,TikTok Shop,932000,Completed
1100,5166,2026-05-06 21:00:00,Official Website,210000,Completed
1101,5125,2026-08-26 17:00:00,TikTok Shop,673000,Completed
1102,5250,2026-04-19 13:00:00,Shopee,594000,Completed
1103,5142,2026-01-06 16:00:00,TikTok Shop,89000,Completed
1104,5209,2026-09-08 16:00:00,Shopee,417000,Completed
1105,5252,2026-08-18 20:00:00,Shopee,178000,Completed
1106,5114,2026-07-27 19:00:00,TikTok Shop,315000,Completed
1107,5298,2026-07-08 15:00:00,TikTok Shop,675000,Completed
1108,5233,2026-05-19 12:00:00,TikTok Shop,470000,Completed
1109,5162,2026-03-03 19:00:00,Shopee,795000,Completed
1110,5302,2026-09-26 17:00:00,TikTok Shop,319000,Completed
1111,5117,2026-07-04 10:00:00,TikTok Shop,624000,Completed
1112,5141,2026-01-24 08:00:00,Shopee,542000,Completed
1113,5007,2026-05-26 15:00:00,Shopee,268000,Completed
1114,5130,2026-09-02 09:00:00,Tokopedia,230000,Completed
1115,5038,2026-01-28 10:00:00,Official Website,105000,Completed
1116,5128,2026-03-02 16:00:00,TikTok Shop,515000,Completed
1117,5231,2026-08-15 12:00:00,TikTok Shop,789000,Completed
1118,5051,2026-04-17 18:00:00,Shopee,315000,Completed
1119,5042,2026-03-22 11:00:00,Shopee,89000,Completed
1120,5002,2026-07-29 15:00:00,TikTok Shop,952000,Completed
1121,5145,2026-08-21 09:00:00,Tokopedia,741000,Completed
1122,5218,2026-02-28 16:00:00,Official Website,258000,Completed
1123,5073,2026-02-06 08:00:00,Shopee,315000,Completed
1124,5292,2026-05-28 15:00:00,Shopee,417000,Completed
1125,5156,2026-07-26 12:00:00,Tokopedia,882000,Completed
1126,5166,2026-05-09 08:00:00,Shopee,285000,Completed
1127,5295,2026-01-11 20:00:00,Official Website,938000,Completed
1128,5334,2026-08-15 22:00:00,Shopee,573000,Completed
1129,5252,2026-02-16 15:00:00,Tokopedia,617000,Completed
1130,5054,2026-03-24 13:00:00,TikTok Shop,675000,Completed
1131,5282,2026-01-19 15:00:00,TikTok Shop,138000,Cancelled
1132,5166,2026-03-01 20:00:00,Shopee,693000,Completed
1133,5212,2026-01-28 11:00:00,Official Website,512000,Completed
1134,5105,2026-05-17 16:00:00,TikTok Shop,210000,Completed
1135,5249,2026-03-04 08:00:00,Shopee,486000,Completed
1136,5283,2026-07-28 09:00:00,Official Website,178000,Completed
1137,5061,2026-03-20 15:00:00,Official Website,626000,Completed
1138,5242,2026-05-05 15:00:00,TikTok Shop,939000,Completed
1139,5070,2026-02-05 12:00:00,TikTok Shop,437000,Completed
1140,5002,2026-05-25 19:00:00,TikTok Shop,369000,Completed
1141,5276,2026-09-05 13:00:00,Official Website,325000,Completed
1142,5123,2026-07-16 11:00:00,Shopee,813000,Completed
1143,5196,2026-07-17 18:00:00,TikTok Shop,969000,Completed
1144,5170,2026-02-21 21:00:00,TikTok Shop,283000,Completed
1145,5074,2026-07-29 21:00:00,Shopee,913000,Completed
1146,5204,2026-02-11 21:00:00,Shopee,732000,Completed
1147,5250,2026-01-19 17:00:00,Official Website,285000,Completed
1148,5148,2026-04-27 19:00:00,Shopee,115000,Completed
1149,5325,2026-02-21 15:00:00,TikTok Shop,105000,Completed
1150,5024,2026-06-16 20:00:00,TikTok Shop,210000,Completed
1151,5192,2026-08-09 10:00:00,Shopee,345000,Completed
1152,5350,2026-04-03 10:00:00,TikTok Shop,267000,Completed
1153,5196,2026-05-04 15:00:00,TikTok Shop,755000,Completed
1154,5131,2026-01-05 22:00:00,TikTok Shop,384000,Completed
1155,5038,2026-08-15 13:00:00,TikTok Shop,643000,Completed
1156,5155,2026-04-12 14:00:00,Shopee,595000,Completed
1157,5184,2026-06-01 19:00:00,Shopee,785000,Completed
1158,5141,2026-01-05 17:00:00,Official Website,649000,Completed
1159,5311,2026-06-30 11:00:00,Shopee,987000,Completed
1160,5349,2026-03-12 18:00:00,Shopee,370000,Completed
1161,5226,2026-01-18 17:00:00,TikTok Shop,628000,Completed
1162,5213,2026-03-31 11:00:00,TikTok Shop,207000,Completed
1163,5257,2026-05-20 21:00:00,Tokopedia,210000,Completed
1164,5152,2026-06-23 20:00:00,TikTok Shop,139000,Completed
1165,5073,2026-04-26 21:00:00,Shopee,579000,Completed
1166,5008,2026-05-16 16:00:00,Shopee,278000,Completed
1167,5345,2026-05-15 17:00:00,Shopee,392000,Completed
1168,5242,2026-01-13 17:00:00,Shopee,579000,Completed
1169,5238,2026-06-04 18:00:00,Official Website,228000,Completed
1170,5156,2026-09-10 09:00:00,TikTok Shop,285000,Completed
1171,5070,2026-07-18 15:00:00,TikTok Shop,660000,Completed
1172,5080,2026-08-01 18:00:00,Shopee,417000,Completed
1173,5209,2026-05-24 08:00:00,Shopee,417000,Completed
1174,5051,2026-07-08 16:00:00,TikTok Shop,418000,Completed
1175,5233,2026-02-16 18:00:00,Shopee,185000,Completed
1176,5171,2026-05-05 10:00:00,TikTok Shop,755000,Completed
1177,5120,2026-06-18 20:00:00,TikTok Shop,370000,Completed
1178,5075,2026-03-08 16:00:00,Shopee,572000,Completed
1179,5068,2026-01-08 13:00:00,Shopee,69000,Completed
1180,5090,2026-05-16 08:00:00,Tokopedia,345000,Completed
1181,5059,2026-02-02 15:00:00,Shopee,312000,Completed
1182,5232,2026-09-15 11:00:00,TikTok Shop,923000,Completed
1183,5330,2026-01-16 08:00:00,Tokopedia,440000,Completed
1184,5252,2026-08-16 09:00:00,Tokopedia,207000,Completed
1185,5076,2026-02-03 10:00:00,Shopee,492000,Completed
1186,5151,2026-08-21 16:00:00,Shopee,877000,Completed
1187,5283,2026-04-21 14:00:00,Shopee,468000,Completed
1188,5205,2026-08-01 19:00:00,Shopee,138000,Completed
1189,5161,2026-05-11 13:00:00,Official Website,139000,Completed
1190,5047,2026-02-13 09:00:00,Official Website,405000,Completed
1191,5067,2026-01-31 17:00:00,Shopee,971000,Completed
1192,5217,2026-01-27 12:00:00,TikTok Shop,887000,Completed
1193,5080,2026-09-04 11:00:00,TikTok Shop,207000,Completed
1194,5189,2026-02-28 20:00:00,Shopee,535000,Completed
1195,5319,2026-01-14 17:00:00,TikTok Shop,943000,Completed
1196,5174,2026-06-29 08:00:00,Tokopedia,387000,Completed
1197,5337,2026-07-25 09:00:00,Shopee,185000,Completed
1198,5272,2026-04-21 14:00:00,Shopee,397000,Completed
1199,5160,2026-06-16 20:00:00,Official Website,783000,Completed
1200,5346,2026-02-11 12:00:00,TikTok Shop,535000,Completed
1201,5213,2026-05-20 11:00:00,Shopee,632000,Completed
1202,5348,2026-09-07 16:00:00,TikTok Shop,854000,Completed
1203,5004,2026-04-15 12:00:00,Shopee,258000,Completed
1204,5149,2026-06-17 09:00:00,Shopee,417000,Completed
1205,5221,2026-03-31 10:00:00,Official Website,600000,Completed
1206,5182,2026-02-06 14:00:00,Shopee,743000,Completed
1207,5295,2026-08-08 17:00:00,Tokopedia,373000,Completed
1208,5011,2026-06-16 10:00:00,TikTok Shop,531000,Completed
1209,5055,2026-05-05 14:00:00,Shopee,995000,Completed
1210,5174,2026-04-24 13:00:00,TikTok Shop,267000,Completed
1211,5325,2026-02-28 16:00:00,TikTok Shop,922000,Completed
1212,5076,2026-05-01 09:00:00,Shopee,105000,Completed
1213,5089,2026-03-20 20:00:00,Shopee,663000,Completed
1214,5297,2026-08-18 18:00:00,Shopee,531000,Completed
1215,5035,2026-08-29 15:00:00,Shopee,688000,Completed
1216,5260,2026-02-07 12:00:00,Shopee,509000,Completed
1217,5147,2026-02-09 18:00:00,TikTok Shop,230000,Completed
1218,5298,2026-01-22 15:00:00,Shopee,682000,Completed
1219,5032,2026-08-19 09:00:00,Shopee,372000,Completed
1220,5021,2026-05-07 19:00:00,TikTok Shop,732000,Completed
1221,5082,2026-07-06 13:00:00,Shopee,515000,Cancelled
1222,5307,2026-01-27 20:00:00,Shopee,1011000,Completed
1223,5198,2026-05-26 12:00:00,Official Website,989000,Completed
1224,5180,2026-06-08 18:00:00,Tokopedia,644000,Completed
1225,5287,2026-07-12 18:00:00,Shopee,594000,Completed
1226,5270,2026-02-17 18:00:00,TikTok Shop,583000,Completed
1227,5093,2026-04-20 13:00:00,Shopee,184000,Completed
1228,5040,2026-06-01 21:00:00,Shopee,555000,Completed
1229,5173,2026-03-09 17:00:00,Shopee,396000,Completed
1230,5320,2026-03-26 19:00:00,Shopee,655000,Completed
1231,5122,2026-08-16 17:00:00,Shopee,506000,Completed
1232,5159,2026-08-29 22:00:00,TikTok Shop,207000,Completed
1233,5293,2026-08-14 15:00:00,Tokopedia,555000,Completed
1234,5083,2026-04-13 20:00:00,Shopee,752000,Completed
1235,5191,2026-02-22 19:00:00,Shopee,717000,Completed
1236,5263,2026-03-17 21:00:00,Shopee,456000,Completed
1237,5014,2026-08-01 08:00:00,Shopee,227000,Completed
1238,5192,2026-04-25 08:00:00,TikTok Shop,612000,Cancelled
1239,5172,2026-03-16 10:00:00,Shopee,210000,Completed
1240,5072,2026-08-29 15:00:00,Tokopedia,624000,Completed
1241,5281,2026-09-28 14:00:00,TikTok Shop,105000,Completed
1242,5155,2026-03-04 08:00:00,TikTok Shop,345000,Completed
1243,5319,2026-08-23 09:00:00,TikTok Shop,417000,Completed
1244,5275,2026-01-09 18:00:00,Shopee,417000,Completed
1245,5315,2026-06-30 11:00:00,Tokopedia,641000,Completed
1246,5185,2026-02-04 16:00:00,TikTok Shop,700000,Completed
1247,5192,2026-05-10 19:00:00,Shopee,69000,Completed
1248,5177,2026-05-04 19:00:00,TikTok Shop,602000,Completed
1249,5023,2026-06-30 16:00:00,TikTok Shop,617000,Completed
1250,5246,2026-04-04 20:00:00,Tokopedia,267000,Cancelled
1251,5235,2026-01-19 12:00:00,TikTok Shop,185000,Completed
1252,5022,2026-06-11 22:00:00,Shopee,623000,Completed
1253,5130,2026-01-19 20:00:00,TikTok Shop,712000,Completed
1254,5140,2026-03-05 20:00:00,Official Website,535000,Completed
1255,5198,2026-06-23 10:00:00,Tokopedia,675000,Completed
1256,5043,2026-08-06 09:00:00,TikTok Shop,468000,Completed
1257,5053,2026-02-10 13:00:00,Tokopedia,892000,Completed
1258,5086,2026-08-16 13:00:00,Shopee,577000,Completed
1259,5223,2026-05-21 18:00:00,Shopee,267000,Completed
1260,5327,2026-07-27 13:00:00,Tokopedia,1120000,Completed
1261,5018,2026-03-06 09:00:00,TikTok Shop,138000,Completed
1262,5197,2026-01-17 17:00:00,Tokopedia,278000,Completed
1263,5191,2026-08-16 20:00:00,Official Website,387000,Completed
1264,5188,2026-07-23 13:00:00,Shopee,557000,Completed
1265,5256,2026-09-23 14:00:00,Shopee,640000,Completed
1266,5314,2026-05-27 19:00:00,Official Website,280000,Cancelled
1267,5232,2026-03-30 22:00:00,Tokopedia,971000,Completed
1268,5034,2026-05-29 22:00:00,TikTok Shop,594000,Completed
1269,5327,2026-03-31 20:00:00,Official Website,280000,Completed
1270,5122,2026-09-10 08:00:00,TikTok Shop,302000,Completed
1271,5314,2026-02-14 09:00:00,Tokopedia,483000,Completed
1272,5270,2026-07-30 20:00:00,Shopee,595000,Completed
1273,5038,2026-08-19 15:00:00,TikTok Shop,579000,Completed
1274,5067,2026-08-10 16:00:00,Shopee,267000,Completed
1275,5079,2026-06-05 10:00:00,TikTok Shop,207000,Completed
1276,5116,2026-06-27 16:00:00,TikTok Shop,476000,Completed
1277,5283,2026-05-21 10:00:00,TikTok Shop,867000,Completed
1278,5087,2026-03-20 10:00:00,Official Website,289000,Completed
1279,5024,2026-05-16 18:00:00,Shopee,345000,Completed
1280,5328,2026-01-16 15:00:00,TikTok Shop,666000,Completed
1281,5208,2026-06-02 15:00:00,TikTok Shop,185000,Completed
1282,5226,2026-08-01 15:00:00,Shopee,414000,Completed
1283,5161,2026-06-13 19:00:00,Shopee,497000,Completed
1284,5288,2026-02-24 13:00:00,Shopee,139000,Completed
1285,5137,2026-08-19 11:00:00,Official Website,89000,Completed
1286,5149,2026-07-16 21:00:00,TikTok Shop,914000,Completed
1287,5161,2026-04-08 20:00:00,Shopee,417000,Completed
1288,5240,2026-09-13 22:00:00,Official Website,509000,Completed
1289,5259,2026-08-23 11:00:00,Shopee,69000,Completed
1290,5026,2026-05-25 15:00:00,TikTok Shop,478000,Completed
1291,5069,2026-05-16 19:00:00,TikTok Shop,373000,Cancelled
1292,5027,2026-04-10 13:00:00,TikTok Shop,970000,Completed
1293,5144,2026-03-02 10:00:00,TikTok Shop,230000,Completed
1294,5174,2026-07-07 20:00:00,Shopee,285000,Completed
1295,5261,2026-07-25 16:00:00,Shopee,185000,Completed
1296,5071,2026-06-20 20:00:00,Shopee,684000,Completed
1297,5072,2026-06-17 22:00:00,Shopee,664000,Completed
1298,5304,2026-06-22 16:00:00,Official Website,521000,Completed
1299,5189,2026-06-19 18:00:00,TikTok Shop,345000,Completed
1300,5158,2026-01-14 17:00:00,Shopee,522000,Completed
1301,5117,2026-01-27 17:00:00,Shopee,702000,Completed
1302,5318,2026-07-14 10:00:00,Shopee,575000,Completed
1303,5010,2026-08-14 13:00:00,Shopee,482000,Completed
1304,5211,2026-09-14 20:00:00,Shopee,739000,Completed
1305,5071,2026-09-23 11:00:00,TikTok Shop,675000,Completed
1306,5089,2026-08-24 22:00:00,Shopee,909000,Completed
1307,5330,2026-05-16 17:00:00,TikTok Shop,457000,Completed
1308,5153,2026-04-26 12:00:00,Official Website,423000,Completed
1309,5163,2026-09-03 13:00:00,Shopee,1257000,Completed
1310,5195,2026-07-22 21:00:00,Official Website,407000,Completed
1311,5041,2026-06-27 22:00:00,Shopee,279000,Completed
1312,5104,2026-05-19 22:00:00,Shopee,1137000,Completed
1313,5123,2026-05-05 08:00:00,TikTok Shop,342000,Completed
1314,5170,2026-08-30 09:00:00,TikTok Shop,814000,Completed
1315,5244,2026-09-02 18:00:00,Shopee,210000,Completed
1316,5147,2026-01-31 22:00:00,TikTok Shop,285000,Completed
1317,5020,2026-03-31 14:00:00,TikTok Shop,370000,Completed
1318,5254,2026-04-06 22:00:00,Shopee,1110000,Completed
1319,5055,2026-06-21 12:00:00,TikTok Shop,595000,Completed
1320,5140,2026-04-09 20:00:00,Shopee,69000,Completed
1321,5235,2026-05-12 19:00:00,Shopee,555000,Completed
1322,5173,2026-06-01 17:00:00,Shopee,673000,Completed
1323,5264,2026-06-17 09:00:00,Shopee,367000,Completed
1324,5166,2026-05-08 08:00:00,TikTok Shop,408000,Completed
1325,5169,2026-06-04 17:00:00,TikTok Shop,826000,Completed
1326,5032,2026-03-02 15:00:00,Shopee,672000,Completed
1327,5160,2026-03-02 18:00:00,TikTok Shop,174000,Completed
1328,5069,2026-09-02 10:00:00,Shopee,492000,Completed
1329,5242,2026-04-22 20:00:00,Shopee,267000,Completed
1330,5229,2026-09-28 19:00:00,TikTok Shop,194000,Completed
1331,5281,2026-09-16 11:00:00,Shopee,704000,Cancelled
1332,5349,2026-04-16 19:00:00,TikTok Shop,673000,Completed
1333,5068,2026-09-20 14:00:00,Shopee,685000,Completed
1334,5158,2026-01-12 14:00:00,Shopee,392000,Completed
1335,5038,2026-01-24 14:00:00,Shopee,194000,Completed
1336,5242,2026-01-17 12:00:00,Shopee,474000,Completed
1337,5331,2026-08-04 13:00:00,Shopee,508000,Completed
1338,5042,2026-03-10 18:00:00,Shopee,545000,Cancelled
1339,5271,2026-03-07 19:00:00,Shopee,185000,Completed
1340,5153,2026-08-26 18:00:00,Tokopedia,410000,Completed
1341,5178,2026-03-21 12:00:00,Official Website,89000,Completed
1342,5339,2026-08-03 17:00:00,Shopee,95000,Completed
1343,5035,2026-02-21 17:00:00,Tokopedia,417000,Completed
1344,5345,2026-01-25 11:00:00,TikTok Shop,585000,Completed
1345,5029,2026-03-13 16:00:00,TikTok Shop,630000,Completed
1346,5164,2026-06-14 11:00:00,Shopee,456000,Completed
1347,5212,2026-06-03 12:00:00,TikTok Shop,387000,Completed
1348,5348,2026-08-07 16:00:00,Shopee,942000,Completed
1349,5196,2026-09-26 13:00:00,Shopee,509000,Completed
1350,5276,2026-08-31 11:00:00,Shopee,315000,Completed
1351,5074,2026-08-26 22:00:00,TikTok Shop,230000,Completed
1352,5286,2026-03-10 14:00:00,Shopee,105000,Completed
1353,5170,2026-02-10 22:00:00,Shopee,762000,Cancelled
1354,5098,2026-01-27 12:00:00,Shopee,300000,Completed
1355,5301,2026-04-22 15:00:00,Shopee,138000,Completed
1356,5008,2026-04-19 22:00:00,TikTok Shop,267000,Completed
1357,5246,2026-05-05 19:00:00,TikTok Shop,741000,Completed
1358,5195,2026-08-27 16:00:00,Shopee,755000,Completed
1359,5239,2026-02-20 20:00:00,Official Website,627000,Completed
1360,5212,2026-01-24 17:00:00,Shopee,129000,Completed
1361,5134,2026-08-02 12:00:00,Tokopedia,190000,Completed
1362,5118,2026-07-14 17:00:00,Shopee,417000,Completed
1363,5336,2026-06-22 12:00:00,TikTok Shop,424000,Completed
1364,5181,2026-03-28 10:00:00,Shopee,821000,Completed
1365,5018,2026-02-08 21:00:00,Shopee,902000,Completed
1366,5119,2026-02-04 19:00:00,Shopee,185000,Completed
1367,5259,2026-08-22 13:00:00,TikTok Shop,417000,Completed
1368,5250,2026-01-09 08:00:00,Shopee,1178000,Completed
1369,5275,2026-05-27 08:00:00,Shopee,521000,Completed
1370,5077,2026-05-04 11:00:00,Shopee,569000,Completed
1371,5192,2026-07-27 15:00:00,TikTok Shop,486000,Completed
1372,5335,2026-01-17 09:00:00,TikTok Shop,535000,Completed
1373,5029,2026-01-05 19:00:00,Shopee,178000,Completed
1374,5223,2026-06-19 17:00:00,Shopee,185000,Completed
1375,5109,2026-09-01 12:00:00,Official Website,267000,Completed
1376,5144,2026-01-17 10:00:00,Shopee,644000,Completed
1377,5204,2026-02-09 12:00:00,TikTok Shop,285000,Completed
1378,5200,2026-06-19 14:00:00,Shopee,709000,Completed
1379,5178,2026-01-28 09:00:00,TikTok Shop,325000,Completed
1380,5310,2026-07-23 20:00:00,Official Website,508000,Completed
1381,5252,2026-04-27 13:00:00,Shopee,897000,Completed
1382,5195,2026-02-13 20:00:00,Shopee,519000,Completed
1383,5138,2026-03-20 14:00:00,Shopee,491000,Completed
1384,5047,2026-01-03 12:00:00,TikTok Shop,253000,Completed
1385,5068,2026-02-14 10:00:00,Shopee,732000,Completed
1386,5209,2026-02-22 08:00:00,Shopee,207000,Completed
1387,5048,2026-06-16 21:00:00,Shopee,628000,Completed
1388,5044,2026-05-05 17:00:00,TikTok Shop,388000,Completed
1389,5155,2026-05-18 15:00:00,Shopee,89000,Completed
1390,5223,2026-05-22 14:00:00,TikTok Shop,369000,Completed
1391,5129,2026-05-07 19:00:00,TikTok Shop,464000,Completed
1392,5070,2026-06-05 08:00:00,Shopee,437000,Completed
1393,5169,2026-08-14 13:00:00,Shopee,675000,Completed
1394,5103,2026-09-03 13:00:00,TikTok Shop,230000,Completed
1395,5150,2026-09-09 17:00:00,TikTok Shop,138000,Completed
1396,5144,2026-07-21 13:00:00,Shopee,285000,Completed
1397,5280,2026-04-03 18:00:00,TikTok Shop,814000,Completed
1398,5150,2026-02-05 21:00:00,Shopee,595000,Completed
1399,5124,2026-05-10 18:00:00,Tokopedia,230000,Completed
1400,5038,2026-08-18 17:00:00,TikTok Shop,660000,Completed
1401,5215,2026-01-19 20:00:00,TikTok Shop,644000,Completed
1402,5341,2026-07-01 10:00:00,TikTok Shop,1008000,Completed
1403,5170,2026-08-09 09:00:00,Shopee,178000,Completed
1404,5114,2026-09-19 19:00:00,Tokopedia,855000,Completed
1405,5302,2026-09-14 10:00:00,TikTok Shop,375000,Completed
1406,5213,2026-02-13 09:00:00,Tokopedia,651000,Completed
1407,5267,2026-09-05 13:00:00,Shopee,552000,Completed
1408,5232,2026-06-13 09:00:00,Official Website,670000,Completed
1409,5012,2026-06-25 18:00:00,TikTok Shop,387000,Completed
1410,5125,2026-09-22 10:00:00,Shopee,641000,Completed
1411,5208,2026-04-05 10:00:00,Official Website,815000,Completed
1412,5231,2026-08-08 14:00:00,Shopee,95000,Completed
1413,5143,2026-02-02 17:00:00,TikTok Shop,258000,Completed
1414,5167,2026-04-11 15:00:00,Shopee,315000,Completed
1415,5251,2026-09-28 18:00:00,TikTok Shop,545000,Completed
1416,5059,2026-06-28 13:00:00,Shopee,732000,Completed
1417,5153,2026-02-13 18:00:00,Shopee,69000,Completed
1418,5123,2026-06-06 09:00:00,TikTok Shop,207000,Completed
1419,5073,2026-09-19 14:00:00,Official Website,468000,Completed
1420,5096,2026-09-07 18:00:00,TikTok Shop,557000,Completed
1421,5096,2026-06-11 21:00:00,Shopee,485000,Completed
1422,5249,2026-03-11 11:00:00,Shopee,607000,Completed
1423,5213,2026-08-16 15:00:00,Shopee,267000,Completed
1424,5016,2026-04-23 12:00:00,Shopee,105000,Cancelled
1425,5276,2026-05-28 10:00:00,TikTok Shop,522000,Completed
1426,5294,2026-02-28 12:00:00,Shopee,972000,Completed
1427,5112,2026-08-06 09:00:00,Shopee,818000,Completed
1428,5045,2026-08-13 21:00:00,Shopee,95000,Completed
1429,5302,2026-06-29 21:00:00,Shopee,309000,Completed
1430,5031,2026-06-29 16:00:00,TikTok Shop,665000,Completed
1431,5149,2026-05-17 21:00:00,TikTok Shop,652000,Completed
1432,5065,2026-03-09 11:00:00,TikTok Shop,69000,Completed
1433,5347,2026-07-21 15:00:00,Shopee,315000,Completed
1434,5213,2026-07-12 15:00:00,Shopee,178000,Completed
1435,5264,2026-05-23 19:00:00,Official Website,563000,Completed
1436,5002,2026-02-17 19:00:00,Shopee,414000,Completed
1437,5204,2026-04-22 14:00:00,TikTok Shop,278000,Completed
1438,5166,2026-05-26 13:00:00,Shopee,668000,Completed
1439,5024,2026-02-20 18:00:00,TikTok Shop,463000,Completed
1440,5234,2026-01-01 14:00:00,Shopee,387000,Completed
1441,5155,2026-03-23 21:00:00,Shopee,316000,Completed
1442,5043,2026-07-10 18:00:00,Shopee,1042000,Completed
1443,5120,2026-08-08 18:00:00,TikTok Shop,89000,Completed
1444,5110,2026-09-02 09:00:00,TikTok Shop,285000,Completed
1445,5349,2026-08-16 08:00:00,Shopee,69000,Completed
1446,5217,2026-03-09 15:00:00,TikTok Shop,190000,Completed
1447,5046,2026-02-22 09:00:00,Official Website,327000,Completed
1448,5069,2026-03-15 09:00:00,TikTok Shop,533000,Completed
1449,5110,2026-03-19 22:00:00,Shopee,254000,Completed
1450,5052,2026-03-13 20:00:00,Shopee,230000,Completed
1451,5220,2026-06-11 20:00:00,Shopee,190000,Completed
1452,5331,2026-02-13 11:00:00,Shopee,588000,Completed
1453,5106,2026-09-23 17:00:00,Shopee,536000,Completed
1454,5123,2026-09-11 14:00:00,Official Website,190000,Completed
1455,5327,2026-02-06 16:00:00,Shopee,138000,Completed
1456,5068,2026-07-18 21:00:00,TikTok Shop,684000,Completed
1457,5038,2026-01-09 17:00:00,TikTok Shop,370000,Completed
1458,5111,2026-01-21 22:00:00,TikTok Shop,345000,Completed
1459,5147,2026-09-14 20:00:00,Shopee,299000,Completed
1460,5328,2026-03-20 12:00:00,TikTok Shop,105000,Completed
1461,5262,2026-04-15 20:00:00,Official Website,138000,Completed
1462,5301,2026-02-03 12:00:00,Official Website,273000,Completed
1463,5223,2026-03-01 15:00:00,Shopee,1149000,Completed
1464,5090,2026-03-03 08:00:00,Shopee,637000,Completed
1465,5268,2026-09-22 20:00:00,TikTok Shop,630000,Completed
1466,5061,2026-01-16 13:00:00,Shopee,383000,Completed
1467,5296,2026-02-09 15:00:00,Tokopedia,693000,Completed
1468,5086,2026-07-08 10:00:00,Shopee,582000,Completed
1469,5060,2026-04-27 19:00:00,Shopee,554000,Completed
1470,5187,2026-07-16 22:00:00,Shopee,129000,Completed
1471,5284,2026-08-03 11:00:00,Shopee,563000,Completed
1472,5139,2026-02-09 17:00:00,TikTok Shop,372000,Completed
1473,5092,2026-04-25 20:00:00,Shopee,838000,Completed
1474,5168,2026-02-14 16:00:00,Shopee,443000,Completed
1475,5289,2026-06-05 19:00:00,Official Website,692000,Completed
1476,5280,2026-05-06 10:00:00,TikTok Shop,115000,Completed
1477,5120,2026-06-27 18:00:00,Shopee,1230000,Completed
1478,5158,2026-02-23 11:00:00,Shopee,579000,Completed
1479,5144,2026-02-17 08:00:00,TikTok Shop,345000,Completed
1480,5191,2026-08-23 19:00:00,Shopee,267000,Completed
1481,5069,2026-07-21 09:00:00,Shopee,418000,Completed
1482,5134,2026-06-11 22:00:00,Shopee,396000,Completed
1483,5120,2026-02-08 11:00:00,Shopee,89000,Completed
1484,5055,2026-03-26 15:00:00,TikTok Shop,354000,Completed
1485,5184,2026-04-17 15:00:00,TikTok Shop,268000,Completed
1486,5081,2026-06-05 21:00:00,TikTok Shop,661000,Completed
1487,5128,2026-07-02 14:00:00,TikTok Shop,568000,Completed
1488,5208,2026-08-20 16:00:00,Shopee,419000,Completed
1489,5007,2026-02-01 21:00:00,TikTok Shop,129000,Completed
1490,5206,2026-07-10 18:00:00,TikTok Shop,398000,Completed
1491,5034,2026-04-12 22:00:00,Shopee,458000,Completed
1492,5022,2026-08-25 08:00:00,Shopee,345000,Completed
1493,5203,2026-09-12 08:00:00,TikTok Shop,319000,Completed
1494,5096,2026-05-21 12:00:00,TikTok Shop,942000,Completed
1495,5316,2026-05-06 18:00:00,Shopee,607000,Completed
1496,5032,2026-02-14 12:00:00,TikTok Shop,414000,Completed
1497,5270,2026-05-08 18:00:00,Shopee,767000,Completed
1498,5249,2026-06-26 22:00:00,Shopee,422000,Completed
1499,5306,2026-04-23 08:00:00,Official Website,715000,Completed
1500,5184,2026-04-30 10:00:00,Tokopedia,285000,Completed
1501,5124,2026-05-17 16:00:00,Shopee,963000,Completed
1502,5089,2026-04-01 11:00:00,Official Website,854000,Completed
1503,5015,2026-06-30 17:00:00,Official Website,751000,Completed
1504,5090,2026-09-09 08:00:00,TikTok Shop,185000,Completed
1505,5309,2026-04-23 08:00:00,Shopee,731000,Completed
1506,5175,2026-04-01 22:00:00,Shopee,602000,Cancelled
1507,5073,2026-02-26 21:00:00,Tokopedia,1020000,Completed
1508,5301,2026-02-21 13:00:00,TikTok Shop,336000,Completed
1509,5224,2026-09-07 18:00:00,Shopee,594000,Completed
1510,5315,2026-07-02 11:00:00,Official Website,950000,Completed
1511,5066,2026-04-01 19:00:00,TikTok Shop,345000,Completed
1512,5017,2026-04-04 17:00:00,Tokopedia,354000,Completed
1513,5255,2026-03-14 13:00:00,Tokopedia,704000,Completed
1514,5046,2026-06-21 15:00:00,Official Website,105000,Completed
1515,5128,2026-02-04 13:00:00,Shopee,158000,Completed
1516,5198,2026-08-13 19:00:00,Shopee,448000,Completed
1517,5180,2026-07-12 09:00:00,Shopee,279000,Completed
1518,5018,2026-05-31 08:00:00,Shopee,475000,Completed
1519,5088,2026-07-12 10:00:00,Shopee,1048000,Completed
1520,5248,2026-01-16 14:00:00,Shopee,329000,Completed
1521,5170,2026-04-16 11:00:00,TikTok Shop,348000,Completed
1522,5122,2026-02-19 08:00:00,Shopee,317000,Completed
1523,5002,2026-08-07 09:00:00,Official Website,228000,Completed
1524,5106,2026-03-29 18:00:00,Shopee,279000,Completed
1525,5204,2026-08-30 15:00:00,Official Website,754000,Completed
1526,5190,2026-07-15 13:00:00,Official Website,139000,Completed
1527,5135,2026-08-14 15:00:00,Tokopedia,535000,Completed
1528,5032,2026-03-19 20:00:00,Tokopedia,871000,Completed
1529,5302,2026-04-27 16:00:00,TikTok Shop,345000,Completed
1530,5215,2026-09-01 17:00:00,TikTok Shop,278000,Completed
1531,5041,2026-07-22 22:00:00,Official Website,1215000,Cancelled
1532,5318,2026-03-17 09:00:00,TikTok Shop,218000,Completed
1533,5065,2026-01-22 14:00:00,Shopee,115000,Completed
1534,5322,2026-03-17 21:00:00,Shopee,372000,Completed
1535,5285,2026-07-23 16:00:00,Shopee,349000,Completed
1536,5320,2026-09-25 20:00:00,Shopee,184000,Completed
1537,5291,2026-02-21 22:00:00,Shopee,178000,Completed
1538,5275,2026-06-26 22:00:00,Tokopedia,505000,Completed
1539,5293,2026-08-31 08:00:00,Shopee,210000,Completed
1540,5074,2026-07-25 08:00:00,Shopee,208000,Completed
1541,5244,2026-05-18 22:00:00,TikTok Shop,628000,Completed
1542,5144,2026-09-09 21:00:00,Shopee,736000,Completed
1543,5227,2026-06-14 12:00:00,Tokopedia,358000,Completed
1544,5109,2026-07-28 19:00:00,TikTok Shop,414000,Completed
1545,5082,2026-02-03 12:00:00,Tokopedia,539000,Completed
1546,5099,2026-04-13 21:00:00,Tokopedia,95000,Completed
1547,5234,2026-01-26 22:00:00,TikTok Shop,448000,Completed
1548,5259,2026-07-23 18:00:00,Shopee,185000,Completed
1549,5191,2026-09-08 17:00:00,Shopee,603000,Completed
1550,5283,2026-06-29 13:00:00,TikTok Shop,315000,Completed
1551,5047,2026-05-26 08:00:00,Shopee,644000,Completed
1552,5114,2026-04-26 18:00:00,Official Website,315000,Completed
1553,5210,2026-09-20 08:00:00,Tokopedia,917000,Completed
1554,5005,2026-04-25 12:00:00,Shopee,683000,Completed
1555,5193,2026-06-28 15:00:00,TikTok Shop,607000,Completed
1556,5267,2026-07-23 17:00:00,Official Website,555000,Completed
1557,5340,2026-07-11 16:00:00,Shopee,432000,Completed
1558,5173,2026-05-22 18:00:00,TikTok Shop,702000,Completed
1559,5334,2026-06-02 11:00:00,Shopee,95000,Completed
1560,5308,2026-07-26 18:00:00,Shopee,336000,Completed
1561,5255,2026-06-01 12:00:00,Official Website,440000,Completed
1562,5299,2026-04-08 13:00:00,Official Website,738000,Completed
1563,5184,2026-09-17 12:00:00,TikTok Shop,258000,Completed
1564,5050,2026-08-30 10:00:00,Shopee,590000,Completed
1565,5336,2026-02-15 11:00:00,Shopee,328000,Completed
1566,5170,2026-07-10 12:00:00,TikTok Shop,860000,Completed
1567,5299,2026-02-06 15:00:00,Shopee,267000,Completed
1568,5196,2026-06-02 14:00:00,TikTok Shop,129000,Completed
1569,5103,2026-06-25 14:00:00,Official Website,635000,Completed
1570,5250,2026-06-20 18:00:00,TikTok Shop,207000,Completed
1571,5030,2026-01-03 15:00:00,Official Website,440000,Completed
1572,5082,2026-09-08 20:00:00,TikTok Shop,387000,Completed
1573,5223,2026-08-08 14:00:00,Shopee,234000,Completed
1574,5274,2026-04-13 19:00:00,TikTok Shop,684000,Completed
1575,5010,2026-01-03 18:00:00,Official Website,437000,Completed
1576,5053,2026-07-16 16:00:00,TikTok Shop,653000,Completed
1577,5234,2026-09-24 17:00:00,TikTok Shop,537000,Completed
1578,5184,2026-04-07 10:00:00,TikTok Shop,452000,Completed
1579,5068,2026-04-19 19:00:00,Shopee,129000,Completed
1580,5188,2026-01-20 14:00:00,Official Website,847000,Completed
1581,5025,2026-02-25 18:00:00,Official Website,555000,Completed
1582,5060,2026-08-02 15:00:00,Shopee,388000,Completed
1583,5079,2026-04-16 19:00:00,Shopee,969000,Completed
1584,5267,2026-05-19 17:00:00,Official Website,1227000,Completed
1585,5061,2026-05-25 09:00:00,Shopee,139000,Completed
1586,5312,2026-04-13 20:00:00,TikTok Shop,543000,Cancelled
1587,5152,2026-03-24 08:00:00,TikTok Shop,525000,Completed
1588,5002,2026-01-07 18:00:00,TikTok Shop,267000,Completed
1589,5343,2026-09-10 10:00:00,TikTok Shop,267000,Completed
1590,5052,2026-05-12 18:00:00,TikTok Shop,278000,Completed
1591,5136,2026-08-26 08:00:00,Tokopedia,129000,Completed
1592,5149,2026-07-04 20:00:00,TikTok Shop,303000,Completed
1593,5005,2026-03-12 18:00:00,Shopee,905000,Completed
1594,5048,2026-07-10 21:00:00,TikTok Shop,628000,Completed
1595,5234,2026-05-20 21:00:00,Shopee,623000,Completed
1596,5086,2026-02-27 10:00:00,Shopee,682000,Completed
1597,5248,2026-08-13 10:00:00,Shopee,871000,Completed
1598,5067,2026-09-05 22:00:00,Shopee,273000,Completed
1599,5033,2026-05-14 18:00:00,Tokopedia,762000,Completed
1600,5296,2026-04-25 18:00:00,TikTok Shop,552000,Completed
1601,5128,2026-09-04 13:00:00,TikTok Shop,539000,Completed
1602,5330,2026-03-22 16:00:00,Shopee,254000,Completed
1603,5252,2026-06-14 11:00:00,TikTok Shop,500000,Completed
1604,5282,2026-07-13 14:00:00,TikTok Shop,178000,Completed
1605,5228,2026-08-18 09:00:00,Shopee,397000,Cancelled
1606,5335,2026-01-10 09:00:00,Shopee,900000,Completed
1607,5001,2026-02-16 20:00:00,Shopee,867000,Completed
1608,5234,2026-06-24 13:00:00,TikTok Shop,190000,Completed
1609,5170,2026-08-31 19:00:00,Shopee,493000,Completed
1610,5114,2026-01-02 13:00:00,TikTok Shop,593000,Completed
1611,5055,2026-01-24 22:00:00,Tokopedia,139000,Completed
1612,5210,2026-02-24 12:00:00,Shopee,649000,Completed
1613,5098,2026-06-23 09:00:00,Shopee,762000,Completed
1614,5064,2026-08-19 15:00:00,Shopee,857000,Completed
1615,5284,2026-08-10 21:00:00,Tokopedia,821000,Completed
1616,5066,2026-02-23 14:00:00,Official Website,738000,Completed
1617,5128,2026-05-21 14:00:00,Shopee,200000,Completed
1618,5212,2026-09-20 12:00:00,TikTok Shop,739000,Completed
1619,5103,2026-04-18 17:00:00,Official Website,771000,Completed
1620,5333,2026-04-02 16:00:00,Tokopedia,925000,Completed
1621,5299,2026-08-02 18:00:00,Official Website,545000,Completed
1622,5013,2026-07-15 10:00:00,TikTok Shop,185000,Completed
1623,5137,2026-03-24 12:00:00,TikTok Shop,678000,Completed
1624,5278,2026-01-17 13:00:00,Shopee,582000,Completed
1625,5288,2026-04-25 19:00:00,Tokopedia,838000,Completed
1626,5341,2026-01-25 22:00:00,TikTok Shop,535000,Completed
1627,5283,2026-01-28 08:00:00,Shopee,716000,Completed
1628,5332,2026-07-08 20:00:00,TikTok Shop,463000,Completed
1629,5091,2026-02-08 10:00:00,Shopee,178000,Completed
1630,5021,2026-08-08 12:00:00,Shopee,608000,Completed
1631,5170,2026-08-27 19:00:00,Shopee,185000,Completed
1632,5166,2026-01-27 20:00:00,Shopee,644000,Completed
1633,5163,2026-09-27 11:00:00,Shopee,267000,Completed
1634,5082,2026-08-01 16:00:00,Shopee,687000,Completed
1635,5170,2026-06-19 13:00:00,TikTok Shop,630000,Completed
1636,5244,2026-01-05 09:00:00,TikTok Shop,759000,Completed
1637,5125,2026-01-21 18:00:00,TikTok Shop,393000,Completed
1638,5132,2026-05-25 08:00:00,TikTok Shop,463000,Completed
1639,5152,2026-04-09 13:00:00,Shopee,961000,Cancelled
1640,5321,2026-02-03 11:00:00,Shopee,374000,Completed
1641,5276,2026-08-11 18:00:00,TikTok Shop,129000,Completed
1642,5236,2026-06-19 08:00:00,TikTok Shop,89000,Completed
1643,5092,2026-05-09 16:00:00,Shopee,190000,Completed
1644,5209,2026-07-18 15:00:00,Shopee,692000,Completed
1645,5061,2026-01-04 18:00:00,Shopee,589000,Completed
1646,5038,2026-07-03 22:00:00,Shopee,634000,Completed
1647,5145,2026-08-13 14:00:00,TikTok Shop,470000,Completed
1648,5113,2026-03-11 19:00:00,Official Website,243000,Completed
1649,5347,2026-07-11 08:00:00,Shopee,1029000,Completed
1650,5202,2026-02-13 12:00:00,TikTok Shop,69000,Completed
1651,5212,2026-09-20 10:00:00,Shopee,129000,Completed
1652,5316,2026-05-10 11:00:00,Shopee,387000,Completed
1653,5291,2026-01-28 21:00:00,TikTok Shop,592000,Completed
1654,5035,2026-05-09 09:00:00,TikTok Shop,278000,Completed
1655,5183,2026-03-07 18:00:00,Shopee,599000,Completed
1656,5163,2026-09-06 15:00:00,Shopee,384000,Completed
1657,5290,2026-07-06 20:00:00,TikTok Shop,293000,Completed
1658,5127,2026-04-24 19:00:00,TikTok Shop,919000,Completed
1659,5170,2026-09-03 15:00:00,TikTok Shop,368000,Completed
1660,5283,2026-02-25 10:00:00,Shopee,563000,Completed
1661,5135,2026-02-09 19:00:00,Shopee,555000,Completed
1662,5324,2026-01-16 21:00:00,Official Website,569000,Completed
1663,5134,2026-08-30 18:00:00,Tokopedia,138000,Completed
1664,5115,2026-05-29 10:00:00,Shopee,463000,Completed
1665,5006,2026-05-03 21:00:00,TikTok Shop,464000,Completed
1666,5092,2026-03-16 19:00:00,TikTok Shop,582000,Completed
1667,5033,2026-05-16 13:00:00,Shopee,555000,Cancelled
1668,5106,2026-09-23 22:00:00,Tokopedia,325000,Completed
1669,5021,2026-06-15 09:00:00,Shopee,762000,Completed
1670,5292,2026-03-31 14:00:00,Shopee,789000,Completed
1671,5129,2026-07-12 22:00:00,Shopee,230000,Completed
1672,5177,2026-09-07 20:00:00,Official Website,395000,Completed
1673,5085,2026-04-28 09:00:00,TikTok Shop,424000,Completed
1674,5309,2026-03-02 18:00:00,Shopee,230000,Completed
1675,5059,2026-09-04 18:00:00,Tokopedia,506000,Completed
1676,5332,2026-07-30 08:00:00,Official Website,185000,Completed
1677,5294,2026-03-24 10:00:00,Shopee,468000,Completed
1678,5093,2026-09-22 14:00:00,TikTok Shop,808000,Completed
1679,5111,2026-08-18 17:00:00,Official Website,317000,Completed
1680,5308,2026-03-15 20:00:00,Shopee,666000,Completed
1681,5176,2026-08-21 17:00:00,Official Website,412000,Completed
1682,5009,2026-04-14 16:00:00,TikTok Shop,573000,Completed
1683,5244,2026-01-20 22:00:00,TikTok Shop,737000,Completed
1684,5277,2026-01-01 22:00:00,TikTok Shop,620000,Completed
1685,5272,2026-08-08 11:00:00,Shopee,732000,Completed
1686,5295,2026-02-20 14:00:00,Tokopedia,210000,Completed
1687,5120,2026-02-12 12:00:00,Official Website,769000,Completed
1688,5004,2026-09-25 09:00:00,Shopee,608000,Completed
1689,5210,2026-07-05 09:00:00,Shopee,345000,Completed
1690,5300,2026-05-10 12:00:00,Shopee,942000,Completed
1691,5204,2026-04-15 14:00:00,Shopee,942000,Completed
1692,5130,2026-06-07 17:00:00,Tokopedia,322000,Completed
1693,5061,2026-04-28 15:00:00,TikTok Shop,935000,Completed
1694,5282,2026-01-27 10:00:00,TikTok Shop,300000,Completed
1695,5242,2026-08-11 09:00:00,Tokopedia,105000,Completed
1696,5190,2026-02-10 17:00:00,Shopee,230000,Completed
1697,5315,2026-09-24 12:00:00,Shopee,963000,Completed
1698,5006,2026-04-14 21:00:00,Shopee,1137000,Completed
1699,5119,2026-03-28 18:00:00,Shopee,69000,Completed
1700,5336,2026-01-01 10:00:00,TikTok Shop,210000,Completed
1701,5181,2026-07-22 14:00:00,Shopee,785000,Completed
1702,5047,2026-05-26 19:00:00,Shopee,571000,Completed
1703,5233,2026-07-26 17:00:00,TikTok Shop,105000,Completed
1704,5209,2026-09-17 09:00:00,Official Website,670000,Completed
1705,5132,2026-05-09 19:00:00,TikTok Shop,335000,Completed
1706,5174,2026-08-23 18:00:00,Shopee,375000,Completed
1707,5035,2026-07-15 18:00:00,Shopee,190000,Completed
1708,5212,2026-06-30 16:00:00,TikTok Shop,452000,Completed
1709,5205,2026-06-25 09:00:00,Shopee,770000,Completed
1710,5138,2026-04-04 19:00:00,TikTok Shop,441000,Completed
1711,5124,2026-05-16 11:00:00,Shopee,95000,Completed
1712,5317,2026-07-02 10:00:00,Shopee,89000,Completed
1713,5347,2026-09-10 17:00:00,Tokopedia,370000,Completed
1714,5191,2026-06-11 15:00:00,Shopee,683000,Completed
1715,5114,2026-03-07 08:00:00,TikTok Shop,610000,Completed
1716,5202,2026-03-31 15:00:00,TikTok Shop,278000,Completed
1717,5005,2026-01-07 18:00:00,TikTok Shop,345000,Completed
1718,5052,2026-06-16 13:00:00,Shopee,577000,Completed
1719,5242,2026-06-25 13:00:00,Shopee,278000,Completed
1720,5108,2026-08-03 19:00:00,Shopee,368000,Completed
1721,5231,2026-04-03 17:00:00,Tokopedia,95000,Completed
1722,5139,2026-05-01 16:00:00,TikTok Shop,382000,Completed
1723,5077,2026-08-31 20:00:00,Official Website,258000,Completed
1724,5256,2026-03-10 22:00:00,TikTok Shop,653000,Completed
1725,5291,2026-01-25 14:00:00,Tokopedia,129000,Completed
1726,5111,2026-05-11 15:00:00,TikTok Shop,506000,Completed
1727,5185,2026-05-12 13:00:00,Official Website,115000,Completed
1728,5180,2026-04-12 17:00:00,Shopee,905000,Completed
1729,5262,2026-09-07 20:00:00,TikTok Shop,977000,Completed
1730,5324,2026-03-16 21:00:00,Shopee,138000,Completed
1731,5324,2026-07-27 21:00:00,Shopee,89000,Completed
1732,5176,2026-04-27 13:00:00,Shopee,417000,Completed
1733,5331,2026-07-22 12:00:00,Tokopedia,624000,Completed
1734,5231,2026-07-31 10:00:00,Tokopedia,185000,Completed
1735,5121,2026-05-09 19:00:00,Official Website,432000,Completed
1736,5033,2026-08-31 16:00:00,TikTok Shop,370000,Completed
1737,5269,2026-02-12 09:00:00,Official Website,757000,Completed
1738,5159,2026-04-28 11:00:00,Shopee,407000,Completed
1739,5088,2026-01-15 08:00:00,Official Website,755000,Completed
1740,5140,2026-08-16 10:00:00,TikTok Shop,918000,Completed
1741,5326,2026-08-11 16:00:00,Official Website,539000,Completed
1742,5227,2026-06-07 13:00:00,TikTok Shop,299000,Completed
1743,5001,2026-09-25 21:00:00,Shopee,138000,Completed
1744,5241,2026-01-05 19:00:00,Shopee,397000,Completed
1745,5150,2026-04-29 20:00:00,Shopee,69000,Completed
1746,5211,2026-08-12 14:00:00,Shopee,387000,Completed
1747,5331,2026-07-19 21:00:00,Shopee,353000,Completed
1748,5321,2026-05-03 16:00:00,TikTok Shop,840000,Completed
1749,5212,2026-04-07 21:00:00,TikTok Shop,129000,Completed
1750,5149,2026-02-26 18:00:00,Shopee,804000,Completed
1751,5252,2026-04-07 13:00:00,TikTok Shop,129000,Completed
1752,5274,2026-01-12 10:00:00,Shopee,210000,Completed
1753,5065,2026-08-13 19:00:00,Shopee,95000,Completed
1754,5078,2026-01-08 15:00:00,TikTok Shop,138000,Completed
1755,5160,2026-09-13 13:00:00,TikTok Shop,314000,Completed
1756,5029,2026-05-17 20:00:00,Official Website,283000,Completed
1757,5099,2026-05-09 21:00:00,Tokopedia,694000,Completed
1758,5198,2026-08-15 11:00:00,Shopee,929000,Completed
1759,5341,2026-04-17 15:00:00,TikTok Shop,492000,Completed
1760,5022,2026-09-24 09:00:00,Shopee,347000,Completed
1761,5185,2026-01-27 21:00:00,Shopee,833000,Completed
1762,5008,2026-03-27 20:00:00,Shopee,184000,Completed
1763,5022,2026-09-01 19:00:00,TikTok Shop,638000,Completed
1764,5047,2026-06-23 22:00:00,Shopee,1081000,Completed
1765,5275,2026-02-24 10:00:00,Official Website,672000,Completed
1766,5178,2026-08-13 19:00:00,Shopee,555000,Completed
1767,5194,2026-07-03 19:00:00,TikTok Shop,105000,Completed
1768,5249,2026-08-13 16:00:00,Shopee,506000,Completed
1769,5279,2026-06-28 13:00:00,Shopee,651000,Completed
1770,5272,2026-03-21 15:00:00,Shopee,488000,Completed
1771,5001,2026-09-17 14:00:00,TikTok Shop,918000,Completed
1772,5165,2026-02-02 18:00:00,TikTok Shop,838000,Completed
1773,5079,2026-05-25 13:00:00,Tokopedia,624000,Completed
1774,5338,2026-02-04 08:00:00,Official Website,129000,Completed
1775,5104,2026-02-24 15:00:00,Shopee,89000,Completed
1776,5293,2026-07-18 18:00:00,Tokopedia,395000,Completed
1777,5311,2026-02-06 08:00:00,Official Website,139000,Completed
1778,5240,2026-02-01 13:00:00,Shopee,871000,Completed
1779,5137,2026-09-28 08:00:00,TikTok Shop,591000,Completed
1780,5050,2026-02-21 19:00:00,Official Website,115000,Completed
1781,5099,2026-09-27 18:00:00,Shopee,387000,Completed
1782,5286,2026-08-01 19:00:00,TikTok Shop,207000,Completed
1783,5235,2026-08-07 22:00:00,Official Website,129000,Completed
1784,5282,2026-07-25 16:00:00,TikTok Shop,597000,Completed
1785,5181,2026-06-11 16:00:00,TikTok Shop,397000,Completed
1786,5166,2026-05-04 17:00:00,TikTok Shop,773000,Completed
1787,5232,2026-08-18 14:00:00,TikTok Shop,370000,Completed
1788,5306,2026-01-09 16:00:00,Shopee,105000,Completed
1789,5154,2026-04-24 11:00:00,Shopee,785000,Completed
1790,5284,2026-09-19 16:00:00,TikTok Shop,743000,Completed
1791,5071,2026-05-16 13:00:00,Shopee,666000,Completed
1792,5205,2026-04-22 19:00:00,TikTok Shop,138000,Completed
1793,5089,2026-09-07 21:00:00,Tokopedia,490000,Completed
1794,5296,2026-07-15 09:00:00,TikTok Shop,138000,Completed
1795,5223,2026-08-02 22:00:00,Shopee,285000,Completed
1796,5335,2026-01-06 18:00:00,TikTok Shop,788000,Cancelled
1797,5277,2026-03-18 13:00:00,Shopee,922000,Completed
1798,5229,2026-09-16 09:00:00,TikTok Shop,230000,Completed
1799,5202,2026-03-17 10:00:00,Shopee,552000,Completed
1800,5026,2026-07-24 12:00:00,Shopee,345000,Completed
1801,5223,2026-03-08 20:00:00,Shopee,417000,Completed
1802,5102,2026-09-07 14:00:00,Shopee,715000,Completed
1803,5125,2026-02-06 12:00:00,Shopee,346000,Completed
1804,5058,2026-07-31 14:00:00,Shopee,316000,Completed
1805,5305,2026-01-13 20:00:00,Shopee,665000,Completed
1806,5320,2026-03-16 15:00:00,Official Website,95000,Completed
1807,5192,2026-03-21 20:00:00,TikTok Shop,481000,Completed
1808,5076,2026-05-28 08:00:00,Shopee,436000,Completed
1809,5012,2026-06-19 11:00:00,Tokopedia,778000,Completed
1810,5248,2026-03-14 19:00:00,TikTok Shop,945000,Completed
1811,5131,2026-03-29 08:00:00,TikTok Shop,630000,Completed
1812,5139,2026-01-28 15:00:00,TikTok Shop,1118000,Completed
1813,5338,2026-07-04 21:00:00,Shopee,370000,Completed
1814,5333,2026-07-17 11:00:00,Shopee,565000,Completed
1815,5273,2026-02-15 10:00:00,Shopee,417000,Completed
1816,5012,2026-01-21 11:00:00,TikTok Shop,692000,Completed
1817,5010,2026-06-27 18:00:00,TikTok Shop,277000,Completed
1818,5257,2026-05-22 20:00:00,Tokopedia,210000,Completed
1819,5016,2026-05-24 11:00:00,Shopee,138000,Completed
1820,5337,2026-03-12 09:00:00,Tokopedia,867000,Completed
1821,5117,2026-08-02 11:00:00,TikTok Shop,855000,Completed
1822,5278,2026-03-09 11:00:00,TikTok Shop,607000,Completed
1823,5159,2026-09-26 22:00:00,Shopee,115000,Completed
1824,5336,2026-03-22 13:00:00,Shopee,89000,Completed
1825,5163,2026-03-16 19:00:00,TikTok Shop,138000,Completed
1826,5211,2026-06-05 15:00:00,Shopee,309000,Completed
1827,5014,2026-05-17 17:00:00,Shopee,499000,Completed
1828,5184,2026-02-10 19:00:00,Shopee,597000,Completed
1829,5333,2026-07-11 10:00:00,TikTok Shop,234000,Completed
1830,5099,2026-04-26 08:00:00,Shopee,499000,Completed
1831,5344,2026-04-14 20:00:00,TikTok Shop,89000,Completed
1832,5225,2026-09-08 19:00:00,Official Website,456000,Completed
1833,5022,2026-07-14 19:00:00,Tokopedia,660000,Completed
1834,5305,2026-09-26 18:00:00,Shopee,719000,Completed
1835,5126,2026-09-23 16:00:00,Shopee,685000,Completed
1836,5323,2026-01-26 11:00:00,Shopee,468000,Completed
1837,5237,2026-03-27 14:00:00,Official Website,624000,Completed
1838,5238,2026-08-20 09:00:00,TikTok Shop,789000,Completed
1839,5202,2026-07-31 13:00:00,Shopee,637000,Completed
1840,5104,2026-08-21 09:00:00,Shopee,624000,Completed
1841,5084,2026-03-05 09:00:00,Shopee,417000,Completed
1842,5186,2026-02-13 16:00:00,TikTok Shop,624000,Completed
1843,5282,2026-07-14 08:00:00,Shopee,207000,Completed
1844,5338,2026-03-18 10:00:00,Tokopedia,387000,Completed
1845,5027,2026-08-03 12:00:00,TikTok Shop,546000,Completed
1846,5061,2026-03-09 11:00:00,Shopee,105000,Completed
1847,5235,2026-09-12 21:00:00,Shopee,475000,Completed
1848,5112,2026-09-01 15:00:00,Shopee,972000,Completed
1849,5004,2026-05-06 22:00:00,Shopee,523000,Completed
1850,5095,2026-03-17 08:00:00,Tokopedia,891000,Completed
1851,5309,2026-06-02 13:00:00,Tokopedia,185000,Completed
1852,5214,2026-04-02 10:00:00,Shopee,939000,Completed
1853,5294,2026-04-01 15:00:00,Shopee,738000,Completed
1854,5195,2026-02-04 20:00:00,TikTok Shop,307000,Completed
1855,5063,2026-05-21 13:00:00,TikTok Shop,717000,Completed
1856,5030,2026-02-25 17:00:00,Shopee,759000,Completed
1857,5148,2026-08-07 17:00:00,TikTok Shop,732000,Completed
1858,5182,2026-03-08 17:00:00,Shopee,765000,Cancelled
1859,5093,2026-04-30 19:00:00,Shopee,280000,Completed
1860,5239,2026-03-02 19:00:00,Tokopedia,230000,Completed
1861,5024,2026-06-20 13:00:00,Shopee,788000,Completed
1862,5131,2026-02-04 12:00:00,Shopee,184000,Completed
1863,5171,2026-06-24 14:00:00,TikTok Shop,593000,Completed
1864,5345,2026-09-03 22:00:00,TikTok Shop,323000,Cancelled
1865,5080,2026-08-24 22:00:00,Official Website,647000,Completed
1866,5154,2026-06-11 16:00:00,Shopee,943000,Completed
1867,5034,2026-03-18 12:00:00,TikTok Shop,138000,Completed
1868,5321,2026-03-26 17:00:00,Shopee,608000,Completed
1869,5162,2026-01-17 12:00:00,Shopee,279000,Completed
1870,5232,2026-06-04 11:00:00,Shopee,484000,Completed
1871,5048,2026-08-16 16:00:00,Official Website,417000,Completed
1872,5079,2026-04-08 13:00:00,TikTok Shop,325000,Completed
1873,5051,2026-09-22 18:00:00,Shopee,285000,Completed
1874,5019,2026-08-24 14:00:00,Shopee,1031000,Completed
1875,5045,2026-06-20 15:00:00,TikTok Shop,267000,Completed
1876,5338,2026-06-09 08:00:00,TikTok Shop,368000,Completed
1877,5147,2026-05-22 16:00:00,Shopee,277000,Completed
1878,5077,2026-03-22 12:00:00,Tokopedia,555000,Completed
1879,5287,2026-09-21 09:00:00,Tokopedia,207000,Completed
1880,5164,2026-05-19 10:00:00,Shopee,422000,Completed
1881,5314,2026-06-23 16:00:00,TikTok Shop,363000,Completed
1882,5346,2026-01-26 09:00:00,Shopee,648000,Completed
1883,5092,2026-08-17 17:00:00,Shopee,492000,Completed
1884,5344,2026-02-10 22:00:00,TikTok Shop,757000,Completed
1885,5050,2026-08-22 12:00:00,Shopee,501000,Completed
1886,5133,2026-07-06 14:00:00,TikTok Shop,138000,Completed
1887,5233,2026-09-07 08:00:00,Official Website,139000,Completed
1888,5180,2026-09-03 15:00:00,TikTok Shop,210000,Completed
1889,5310,2026-03-07 16:00:00,TikTok Shop,345000,Completed
1890,5055,2026-06-16 16:00:00,Shopee,755000,Completed
1891,5303,2026-07-31 11:00:00,Shopee,489000,Completed
1892,5175,2026-04-17 21:00:00,TikTok Shop,908000,Completed
1893,5121,2026-03-30 18:00:00,TikTok Shop,520000,Completed
1894,5304,2026-08-26 13:00:00,TikTok Shop,509000,Completed
1895,5036,2026-02-25 18:00:00,Shopee,827000,Completed
1896,5047,2026-04-22 21:00:00,Shopee,185000,Completed
1897,5339,2026-03-18 15:00:00,TikTok Shop,644000,Completed
1898,5106,2026-06-12 12:00:00,Shopee,512000,Completed
1899,5005,2026-09-19 14:00:00,TikTok Shop,105000,Completed
1900,5190,2026-01-28 08:00:00,Shopee,512000,Completed
1901,5303,2026-07-21 18:00:00,Tokopedia,420000,Completed
1902,5280,2026-04-19 18:00:00,Shopee,139000,Completed
1903,5097,2026-07-16 21:00:00,Shopee,497000,Completed
1904,5065,2026-03-10 08:00:00,TikTok Shop,185000,Completed
1905,5250,2026-08-12 10:00:00,Shopee,387000,Completed
1906,5213,2026-08-22 22:00:00,TikTok Shop,723000,Completed
1907,5283,2026-08-19 14:00:00,Shopee,457000,Completed
1908,5004,2026-09-13 21:00:00,Shopee,643000,Completed
1909,5296,2026-07-07 08:00:00,Shopee,417000,Completed
1910,5189,2026-02-27 17:00:00,TikTok Shop,684000,Completed
1911,5270,2026-05-24 15:00:00,Shopee,424000,Completed
1912,5323,2026-02-09 18:00:00,TikTok Shop,812000,Completed
1913,5241,2026-08-21 16:00:00,TikTok Shop,328000,Completed
1914,5149,2026-03-27 08:00:00,Shopee,696000,Completed
1915,5243,2026-03-28 17:00:00,TikTok Shop,315000,Completed
1916,5320,2026-01-14 12:00:00,Tokopedia,406000,Completed
1917,5143,2026-05-10 10:00:00,TikTok Shop,607000,Completed
1918,5310,2026-03-31 22:00:00,Official Website,517000,Completed
1919,5121,2026-09-06 10:00:00,Shopee,711000,Completed
1920,5254,2026-07-31 20:00:00,Tokopedia,397000,Completed
1921,5327,2026-03-27 11:00:00,Shopee,462000,Completed
1922,5086,2026-08-26 14:00:00,Shopee,600000,Completed
1923,5120,2026-07-14 18:00:00,Tokopedia,658000,Completed
1924,5007,2026-05-28 22:00:00,Shopee,437000,Completed
1925,5350,2026-01-22 09:00:00,Official Website,742000,Completed
1926,5172,2026-05-19 12:00:00,Shopee,315000,Completed
1927,5300,2026-07-20 15:00:00,Official Website,699000,Completed
1928,5173,2026-04-03 13:00:00,Official Website,532000,Completed
1929,5051,2026-09-26 09:00:00,TikTok Shop,853000,Completed
1930,5099,2026-01-18 08:00:00,Official Website,767000,Completed
1931,5327,2026-03-04 19:00:00,TikTok Shop,267000,Completed
1932,5067,2026-07-12 18:00:00,Shopee,637000,Completed
1933,5240,2026-02-08 18:00:00,Tokopedia,555000,Completed
1934,5342,2026-06-15 12:00:00,Shopee,178000,Completed
1935,5032,2026-07-15 14:00:00,Shopee,499000,Completed
1936,5226,2026-02-05 15:00:00,Official Website,115000,Completed
1937,5331,2026-09-09 09:00:00,TikTok Shop,115000,Completed
1938,5315,2026-02-24 22:00:00,TikTok Shop,290000,Completed
1939,5037,2026-05-09 20:00:00,TikTok Shop,470000,Completed
1940,5328,2026-01-01 22:00:00,Shopee,230000,Completed
1941,5078,2026-06-18 22:00:00,TikTok Shop,765000,Completed
1942,5245,2026-08-12 14:00:00,TikTok Shop,716000,Completed
1943,5247,2026-03-04 17:00:00,Shopee,535000,Completed
1944,5324,2026-02-16 13:00:00,Shopee,788000,Completed
1945,5091,2026-01-21 14:00:00,TikTok Shop,526000,Cancelled
1946,5184,2026-09-07 09:00:00,Shopee,297000,Completed
1947,5013,2026-05-03 15:00:00,Official Website,612000,Completed
1948,5158,2026-09-13 16:00:00,TikTok Shop,509000,Completed
1949,5173,2026-01-22 14:00:00,TikTok Shop,285000,Completed
1950,5342,2026-09-25 15:00:00,Shopee,303000,Completed
1951,5073,2026-09-08 18:00:00,TikTok Shop,417000,Completed
1952,5024,2026-05-05 19:00:00,TikTok Shop,750000,Completed
1953,5050,2026-08-22 17:00:00,TikTok Shop,89000,Completed
1954,5059,2026-09-12 17:00:00,Tokopedia,827000,Completed
1955,5348,2026-07-25 13:00:00,Shopee,258000,Completed
1956,5110,2026-01-24 17:00:00,Shopee,69000,Completed
1957,5062,2026-05-21 10:00:00,Tokopedia,465000,Completed
1958,5085,2026-08-13 11:00:00,Shopee,1100000,Completed
1959,5081,2026-01-09 22:00:00,Official Website,274000,Completed
1960,5046,2026-05-26 14:00:00,Shopee,475000,Completed
1961,5139,2026-09-25 15:00:00,TikTok Shop,552000,Completed
1962,5020,2026-04-03 19:00:00,TikTok Shop,316000,Completed
1963,5215,2026-01-03 16:00:00,TikTok Shop,95000,Completed
1964,5272,2026-02-18 17:00:00,TikTok Shop,702000,Completed
1965,5107,2026-05-22 08:00:00,TikTok Shop,89000,Completed
1966,5243,2026-09-12 10:00:00,TikTok Shop,185000,Completed
1967,5331,2026-07-06 12:00:00,TikTok Shop,230000,Completed
1968,5172,2026-08-21 08:00:00,TikTok Shop,555000,Completed
1969,5091,2026-03-22 20:00:00,Shopee,417000,Completed
1970,5060,2026-02-06 22:00:00,TikTok Shop,417000,Completed
1971,5297,2026-06-16 14:00:00,Shopee,69000,Completed
1972,5057,2026-06-16 11:00:00,TikTok Shop,285000,Completed
1973,5212,2026-04-13 14:00:00,TikTok Shop,178000,Completed
1974,5300,2026-09-06 08:00:00,Shopee,565000,Completed
1975,5092,2026-07-18 13:00:00,Shopee,417000,Completed
1976,5100,2026-07-03 12:00:00,Shopee,69000,Completed
1977,5017,2026-01-31 12:00:00,TikTok Shop,178000,Completed
1978,5235,2026-08-03 10:00:00,Tokopedia,414000,Completed
1979,5327,2026-03-29 17:00:00,TikTok Shop,794000,Completed
1980,5303,2026-08-31 21:00:00,TikTok Shop,685000,Completed
1981,5127,2026-05-07 13:00:00,Shopee,410000,Completed
1982,5003,2026-08-02 08:00:00,Official Website,417000,Completed
1983,5259,2026-01-18 14:00:00,TikTok Shop,443000,Completed
1984,5124,2026-02-12 16:00:00,Shopee,115000,Completed
1985,5068,2026-07-03 12:00:00,Shopee,89000,Completed
1986,5246,2026-06-06 10:00:00,Shopee,867000,Completed
1987,5233,2026-08-26 20:00:00,Shopee,115000,Completed
1988,5190,2026-08-26 19:00:00,Shopee,622000,Completed
1989,5171,2026-01-17 12:00:00,Shopee,522000,Completed
1990,5295,2026-04-17 20:00:00,Official Website,759000,Completed
1991,5346,2026-07-06 22:00:00,Shopee,178000,Completed
1992,5188,2026-08-27 17:00:00,TikTok Shop,138000,Completed
1993,5090,2026-02-04 16:00:00,Shopee,491000,Completed
1994,5333,2026-09-02 19:00:00,TikTok Shop,463000,Completed
1995,5137,2026-09-15 18:00:00,Shopee,475000,Completed
1996,5177,2026-08-20 15:00:00,TikTok Shop,759000,Completed
1997,5150,2026-08-20 17:00:00,TikTok Shop,317000,Completed
1998,5042,2026-07-20 22:00:00,TikTok Shop,105000,Completed
1999,5056,2026-03-26 12:00:00,Tokopedia,258000,Completed
2000,5078,2026-04-15 16:00:00,Shopee,1037000,Completed
