order_item_id,order_id,product_id,quantity,unit_price
1,1001,105,1,105000
2,1001,102,3,89000
3,1001,107,1,115000
4,1002,101,1,185000
5,1002,108,1,139000
6,1003,104,3,95000
7,1004,105,1,105000
8,1004,107,1,115000
9,1005,104,2,95000
10,1006,106,2,69000
11,1007,108,3,139000
12,1008,105,3,105000
13,1008,107,2,115000
14,1008,106,3,69000
15,1009,104,1,95000
16,1009,107,1,115000
17,1009,103,1,129000
18,1010,106,2,69000
19,1010,102,1,89000
20,1010,103,3,129000
21,1011,103,1,129000
22,1011,105,1,105000
23,1011,106,2,69000
24,1012,104,1,95000
25,1012,106,1,69000
26,1012,103,1,129000
27,1013,104,3,95000
28,1014,107,2,115000
29,1014,106,1,69000
30,1015,105,2,105000
31,1015,106,3,69000
32,1015,108,2,139000
33,1016,108,1,139000
34,1016,101,1,185000
35,1016,107,3,115000
36,1017,107,2,115000
37,1018,101,3,185000
38,1018,106,1,69000
39,1019,106,2,69000
40,1019,101,1,185000
41,1019,103,2,129000
42,1020,102,3,89000
43,1021,103,2,129000
44,1022,108,1,139000
45,1022,101,2,185000
46,1023,102,1,89000
47,1024,103,2,129000
48,1024,102,3,89000
49,1024,106,1,69000
50,1025,107,3,115000
51,1025,102,3,89000
52,1025,105,1,105000
53,1026,106,2,69000
54,1026,104,1,95000
55,1026,105,1,105000
56,1027,104,3,95000
57,1028,101,1,185000
58,1028,102,2,89000
59,1028,108,1,139000
60,1029,108,1,139000
61,1029,102,3,89000
62,1029,105,3,105000
63,1030,107,1,115000
64,1030,102,1,89000
65,1031,107,3,115000
66,1031,104,1,95000
67,1032,106,1,69000
68,1032,107,1,115000
69,1033,103,1,129000
70,1033,104,2,95000
71,1034,108,3,139000
72,1035,101,1,185000
73,1035,108,2,139000
74,1035,102,2,89000
75,1036,101,2,185000
76,1036,102,1,89000
77,1037,105,3,105000
78,1037,104,3,95000
79,1038,105,1,105000
80,1039,101,3,185000
81,1039,108,2,139000
82,1040,102,1,89000
83,1040,107,3,115000
84,1040,108,1,139000
85,1041,104,3,95000
86,1042,107,3,115000
87,1043,104,3,95000
88,1043,106,2,69000
89,1044,105,2,105000
90,1045,102,3,89000
91,1045,101,1,185000
92,1046,102,2,89000
93,1046,108,2,139000
94,1047,105,3,105000
95,1047,108,1,139000
96,1047,106,3,69000
97,1048,102,1,89000
98,1048,108,1,139000
99,1048,103,3,129000
100,1049,104,2,95000
101,1049,106,1,69000
102,1050,105,1,105000
103,1050,107,1,115000
104,1051,101,2,185000
105,1051,108,1,139000
106,1052,108,2,139000
107,1052,105,3,105000
108,1052,106,1,69000
109,1053,103,2,129000
110,1053,105,3,105000
111,1053,101,3,185000
112,1054,105,2,105000
113,1055,104,2,95000
114,1055,106,3,69000
115,1055,101,2,185000
116,1056,103,1,129000
117,1057,106,3,69000
118,1057,107,3,115000
119,1057,104,1,95000
120,1058,102,2,89000
121,1058,104,1,95000
122,1058,101,1,185000
123,1059,104,1,95000
124,1060,105,1,105000
125,1060,107,2,115000
126,1061,106,2,69000
127,1061,101,1,185000
128,1061,107,3,115000
129,1062,107,2,115000
130,1062,103,2,129000
131,1062,106,3,69000
132,1063,104,3,95000
133,1063,103,2,129000
134,1063,101,1,185000
135,1064,102,2,89000
136,1064,106,3,69000
137,1065,105,2,105000
138,1065,106,2,69000
139,1066,104,2,95000
140,1067,103,2,129000
141,1067,105,2,105000
142,1067,107,3,115000
143,1068,107,3,115000
144,1069,108,1,139000
145,1069,106,3,69000
146,1070,105,3,105000
147,1071,105,1,105000
148,1072,104,2,95000
149,1073,104,3,95000
150,1073,106,2,69000
151,1074,101,1,185000
152,1075,108,1,139000
153,1075,101,1,185000
154,1075,105,2,105000
155,1076,106,3,69000
156,1076,107,3,115000
157,1076,104,3,95000
158,1077,108,2,139000
159,1078,105,2,105000
160,1078,107,3,115000
161,1078,108,1,139000
162,1079,105,2,105000
163,1079,102,2,89000
164,1079,103,3,129000
165,1080,107,3,115000
166,1081,107,3,115000
167,1081,103,2,129000
168,1082,107,3,115000
169,1082,108,3,139000
170,1083,106,2,69000
171,1084,104,2,95000
172,1084,108,2,139000
173,1084,102,2,89000
174,1085,107,2,115000
175,1085,106,1,69000
176,1085,102,3,89000
177,1086,101,3,185000
178,1086,108,2,139000
179,1087,105,2,105000
180,1088,106,2,69000
181,1088,107,2,115000
182,1089,108,1,139000
183,1090,102,3,89000
184,1091,101,3,185000
185,1092,102,1,89000
186,1092,105,2,105000
187,1093,102,2,89000
188,1093,107,1,115000
189,1093,108,3,139000
190,1094,107,1,115000
191,1094,104,1,95000
192,1094,106,3,69000
193,1095,105,3,105000
194,1095,107,1,115000
195,1095,106,3,69000
196,1096,106,3,69000
197,1096,101,3,185000
198,1097,108,2,139000
199,1097,101,2,185000
200,1098,107,1,115000
201,1099,108,3,139000
202,1099,104,3,95000
203,1099,107,2,115000
204,1100,105,2,105000
205,1101,107,2,115000
206,1101,103,2,129000
207,1101,101,1,185000
208,1102,106,3,69000
209,1102,103,3,129000
210,1103,102,1,89000
211,1104,108,3,139000
212,1105,102,2,89000
213,1106,105,3,105000
214,1107,106,3,69000
215,1107,104,2,95000
216,1107,108,2,139000
217,1108,104,3,95000
218,1108,101,1,185000
219,1109,103,3,129000
220,1109,102,2,89000
221,1109,107,2,115000
222,1110,102,1,89000
223,1110,107,2,115000
224,1111,101,3,185000
225,1111,106,1,69000
226,1112,105,3,105000
227,1112,106,2,69000
228,1112,102,1,89000
229,1113,108,1,139000
230,1113,103,1,129000
231,1114,107,2,115000
232,1115,105,1,105000
233,1116,104,3,95000
234,1116,107,2,115000
235,1117,107,3,115000
236,1117,103,1,129000
237,1117,105,3,105000
238,1118,105,3,105000
239,1119,102,1,89000
240,1120,108,1,139000
241,1120,103,2,129000
242,1120,101,3,185000
243,1121,104,3,95000
244,1121,103,3,129000
245,1121,106,1,69000
246,1122,103,2,129000
247,1123,105,3,105000
248,1124,108,3,139000
249,1125,108,3,139000
250,1125,104,1,95000
251,1125,101,2,185000
252,1126,104,3,95000
253,1127,105,1,105000
254,1127,108,2,139000
255,1127,101,3,185000
256,1128,103,2,129000
257,1128,105,3,105000
258,1129,107,2,115000
259,1129,103,3,129000
260,1130,108,3,139000
261,1130,103,2,129000
262,1131,106,2,69000
263,1132,101,3,185000
264,1132,106,2,69000
265,1133,106,3,69000
266,1133,105,2,105000
267,1133,104,1,95000
268,1134,105,2,105000
269,1135,104,2,95000
270,1135,106,3,69000
271,1135,102,1,89000
272,1136,102,2,89000
273,1137,105,2,105000
274,1137,108,2,139000
275,1137,106,2,69000
276,1138,103,3,129000
277,1138,104,3,95000
278,1138,102,3,89000
279,1139,106,3,69000
280,1139,107,2,115000
281,1140,108,1,139000
282,1140,107,2,115000
283,1141,107,2,115000
284,1141,104,1,95000
285,1142,101,3,185000
286,1142,103,2,129000
287,1143,103,1,129000
288,1143,104,3,95000
289,1143,101,3,185000
290,1144,102,2,89000
291,1144,105,1,105000
292,1145,103,2,129000
293,1145,101,2,185000
294,1145,104,3,95000
295,1146,107,3,115000
296,1146,103,3,129000
297,1147,104,3,95000
298,1148,107,1,115000
299,1149,105,1,105000
300,1150,105,2,105000
301,1151,107,3,115000
302,1152,102,3,89000
303,1153,103,3,129000
304,1153,102,2,89000
305,1153,104,2,95000
306,1154,105,3,105000
307,1154,106,1,69000
308,1155,105,3,105000
309,1155,106,2,69000
310,1155,104,2,95000
311,1156,102,2,89000
312,1156,108,3,139000
313,1157,101,3,185000
314,1157,107,2,115000
315,1158,101,2,185000
316,1158,105,2,105000
317,1158,106,1,69000
318,1159,104,3,95000
319,1159,105,3,105000
320,1159,103,3,129000
321,1160,101,2,185000
322,1161,103,2,129000
323,1161,101,2,185000
324,1162,106,3,69000
325,1163,105,2,105000
326,1164,108,1,139000
327,1165,107,2,115000
328,1165,108,1,139000
329,1165,105,2,105000
330,1166,108,2,139000
331,1167,106,3,69000
332,1167,101,1,185000
333,1168,106,3,69000
334,1168,105,1,105000
335,1168,102,3,89000
336,1169,102,1,89000
337,1169,108,1,139000
338,1170,104,3,95000
339,1171,107,3,115000
340,1171,105,3,105000
341,1172,108,3,139000
342,1173,106,2,69000
343,1173,102,1,89000
344,1173,104,2,95000
345,1174,106,2,69000
346,1174,101,1,185000
347,1174,104,1,95000
348,1175,101,1,185000
349,1176,104,1,95000
350,1176,101,3,185000
351,1176,105,1,105000
352,1177,101,2,185000
353,1178,103,3,129000
354,1178,101,1,185000
355,1179,106,1,69000
356,1180,107,3,115000
357,1181,106,3,69000
358,1181,105,1,105000
359,1182,101,3,185000
360,1182,106,2,69000
361,1182,107,2,115000
362,1183,107,3,115000
363,1183,104,1,95000
364,1184,106,3,69000
365,1185,106,3,69000
366,1185,104,3,95000
367,1186,107,1,115000
368,1186,101,3,185000
369,1186,106,3,69000
370,1187,104,2,95000
371,1187,108,2,139000
372,1188,106,2,69000
373,1189,108,1,139000
374,1190,102,3,89000
375,1190,106,2,69000
376,1191,106,2,69000
377,1191,108,2,139000
378,1191,101,3,185000
379,1192,105,3,105000
380,1192,103,3,129000
381,1192,101,1,185000
382,1193,106,3,69000
383,1194,104,2,95000
384,1194,107,3,115000
385,1195,105,2,105000
386,1195,101,3,185000
387,1195,102,2,89000
388,1196,103,3,129000
389,1197,101,1,185000
390,1198,108,1,139000
391,1198,103,2,129000
392,1199,102,1,89000
393,1199,101,3,185000
394,1199,108,1,139000
395,1200,107,3,115000
396,1200,104,2,95000
397,1201,102,1,89000
398,1201,103,2,129000
399,1201,104,3,95000
400,1202,105,2,105000
401,1202,101,3,185000
402,1202,102,1,89000
403,1203,103,2,129000
404,1204,108,3,139000
405,1205,104,3,95000
406,1205,105,3,105000
407,1206,101,2,185000
408,1206,104,1,95000
409,1206,108,2,139000
410,1207,107,1,115000
411,1207,103,2,129000
412,1208,108,2,139000
413,1208,107,1,115000
414,1208,106,2,69000
415,1209,107,2,115000
416,1209,105,2,105000
417,1209,101,3,185000
418,1210,102,3,89000
419,1211,104,2,95000
420,1211,107,3,115000
421,1211,103,3,129000
422,1212,105,1,105000
423,1213,102,2,89000
424,1213,108,2,139000
425,1213,106,3,69000
426,1214,106,2,69000
427,1214,107,1,115000
428,1214,108,2,139000
429,1215,105,3,105000
430,1215,107,1,115000
431,1215,103,2,129000
432,1216,108,1,139000
433,1216,101,2,185000
434,1217,107,2,115000
435,1218,104,2,95000
436,1218,103,3,129000
437,1218,105,1,105000
438,1219,102,3,89000
439,1219,105,1,105000
440,1220,108,3,139000
441,1220,105,3,105000
442,1221,107,2,115000
443,1221,104,3,95000
444,1222,106,1,69000
445,1222,101,3,185000
446,1222,103,3,129000
447,1223,103,3,129000
448,1223,108,3,139000
449,1223,101,1,185000
450,1224,107,3,115000
451,1224,102,1,89000
452,1224,105,2,105000
453,1225,103,3,129000
454,1225,106,3,69000
455,1226,107,1,115000
456,1226,105,2,105000
457,1226,103,2,129000
458,1227,104,1,95000
459,1227,102,1,89000
460,1228,101,3,185000
461,1229,103,1,129000
462,1229,102,3,89000
463,1230,101,2,185000
464,1230,104,3,95000
465,1231,108,3,139000
466,1231,102,1,89000
467,1232,106,3,69000
468,1233,107,3,115000
469,1233,105,2,105000
470,1234,103,1,129000
471,1234,107,3,115000
472,1234,108,2,139000
473,1235,102,1,89000
474,1235,103,2,129000
475,1235,101,2,185000
476,1236,102,2,89000
477,1236,108,2,139000
478,1237,106,2,69000
479,1237,102,1,89000
480,1238,102,3,89000
481,1238,107,3,115000
482,1239,105,2,105000
483,1240,101,2,185000
484,1240,108,1,139000
485,1240,107,1,115000
486,1241,105,1,105000
487,1242,107,3,115000
488,1243,108,3,139000
489,1244,104,2,95000
490,1244,106,2,69000
491,1244,102,1,89000
492,1245,107,3,115000
493,1245,102,1,89000
494,1245,106,3,69000
495,1246,101,1,185000
496,1246,104,3,95000
497,1246,107,2,115000
498,1247,106,1,69000
499,1248,102,3,89000
500,1248,107,2,115000
501,1248,105,1,105000
502,1249,103,3,129000
503,1249,107,2,115000
504,1250,102,3,89000
505,1251,101,1,185000
506,1252,107,3,115000
507,1252,108,2,139000
508,1253,104,1,95000
509,1253,103,3,129000
510,1253,107,2,115000
511,1254,107,3,115000
512,1254,104,2,95000
513,1255,108,3,139000
514,1255,103,2,129000
515,1256,103,2,129000
516,1256,105,2,105000
517,1257,105,3,105000
518,1257,103,3,129000
519,1257,104,2,95000
520,1258,101,2,185000
521,1258,106,3,69000
522,1259,102,3,89000
523,1260,103,3,129000
524,1260,101,3,185000
525,1260,102,2,89000
526,1261,106,2,69000
527,1262,108,2,139000
528,1263,103,3,129000
529,1264,105,1,105000
530,1264,102,3,89000
531,1264,101,1,185000
532,1265,102,3,89000
533,1265,103,2,129000
534,1265,107,1,115000
535,1266,104,1,95000
536,1266,101,1,185000
537,1267,108,2,139000
538,1267,101,3,185000
539,1267,106,2,69000
540,1268,103,3,129000
541,1268,106,3,69000
542,1269,104,1,95000
543,1269,101,1,185000
544,1270,106,3,69000
545,1270,104,1,95000
546,1271,107,3,115000
547,1271,106,2,69000
548,1272,102,2,89000
549,1272,108,3,139000
550,1273,106,3,69000
551,1273,102,3,89000
552,1273,105,1,105000
553,1274,102,3,89000
554,1275,106,3,69000
555,1276,102,1,89000
556,1276,103,3,129000
557,1277,105,1,105000
558,1277,108,3,139000
559,1277,107,3,115000
560,1278,106,1,69000
561,1278,107,1,115000
562,1278,105,1,105000
563,1279,107,3,115000
564,1280,105,2,105000
565,1280,106,1,69000
566,1280,103,3,129000
567,1281,101,1,185000
568,1282,104,3,95000
569,1282,103,1,129000
570,1283,107,2,115000
571,1283,102,3,89000
572,1284,108,1,139000
573,1285,102,1,89000
574,1286,107,2,115000
575,1286,102,3,89000
576,1286,108,3,139000
577,1287,108,3,139000
578,1288,108,1,139000
579,1288,101,2,185000
580,1289,106,1,69000
581,1290,108,1,139000
582,1290,103,1,129000
583,1290,105,2,105000
584,1291,107,1,115000
585,1291,103,2,129000
586,1292,105,3,105000
587,1292,101,2,185000
588,1292,104,3,95000
589,1293,107,2,115000
590,1294,104,3,95000
591,1295,101,1,185000
592,1296,108,3,139000
593,1296,102,3,89000
594,1297,106,3,69000
595,1297,102,3,89000
596,1297,104,2,95000
597,1298,108,2,139000
598,1298,106,2,69000
599,1298,105,1,105000
600,1299,107,3,115000
601,1300,105,3,105000
602,1300,106,3,69000
603,1301,103,3,129000
604,1301,105,3,105000
605,1302,104,3,95000
606,1302,101,1,185000
607,1302,105,1,105000
608,1303,103,3,129000
609,1303,104,1,95000
610,1304,108,3,139000
611,1304,107,1,115000
612,1304,106,3,69000
613,1305,106,3,69000
614,1305,108,2,139000
615,1305,104,2,95000
616,1306,106,3,69000
617,1306,105,3,105000
618,1306,103,3,129000
619,1307,104,2,95000
620,1307,102,3,89000
621,1308,104,3,95000
622,1308,106,2,69000
623,1309,105,3,105000
624,1309,103,3,129000
625,1309,101,3,185000
626,1310,103,1,129000
627,1310,108,2,139000
628,1311,105,2,105000
629,1311,106,1,69000
630,1312,105,3,105000
631,1312,102,3,89000
632,1312,101,3,185000
633,1313,104,1,95000
634,1313,106,1,69000
635,1313,102,2,89000
636,1314,103,1,129000
637,1314,101,2,185000
638,1314,105,3,105000
639,1315,105,2,105000
640,1316,104,3,95000
641,1317,101,2,185000
642,1318,105,2,105000
643,1318,101,3,185000
644,1318,107,3,115000
645,1319,108,3,139000
646,1319,102,2,89000
647,1320,106,1,69000
648,1321,101,3,185000
649,1322,104,3,95000
650,1322,102,2,89000
651,1322,105,2,105000
652,1323,102,1,89000
653,1323,108,2,139000
654,1324,107,2,115000
655,1324,102,2,89000
656,1325,101,2,185000
657,1325,103,3,129000
658,1325,106,1,69000
659,1326,103,3,129000
660,1326,104,3,95000
661,1327,106,1,69000
662,1327,105,1,105000
663,1328,106,3,69000
664,1328,104,3,95000
665,1329,102,3,89000
666,1330,102,1,89000
667,1330,105,1,105000
668,1331,103,3,129000
669,1331,102,2,89000
670,1331,108,1,139000
671,1332,108,2,139000
672,1332,101,1,185000
673,1332,105,2,105000
674,1333,101,2,185000
675,1333,105,3,105000
676,1334,101,1,185000
677,1334,106,3,69000
678,1335,102,1,89000
679,1335,105,1,105000
680,1336,103,1,129000
681,1336,107,3,115000
682,1337,108,2,139000
683,1337,107,2,115000
684,1338,102,3,89000
685,1338,108,2,139000
686,1339,101,1,185000
687,1340,107,1,115000
688,1340,105,1,105000
689,1340,104,2,95000
690,1341,102,1,89000
691,1342,104,1,95000
692,1343,108,3,139000
693,1344,101,1,185000
694,1344,104,3,95000
695,1344,107,1,115000
696,1345,104,3,95000
697,1345,107,3,115000
698,1346,103,3,129000
699,1346,106,1,69000
700,1347,103,3,129000
701,1348,101,3,185000
702,1348,103,3,129000
703,1349,107,2,115000
704,1349,104,2,95000
705,1349,102,1,89000
706,1350,105,3,105000
707,1351,107,2,115000
708,1352,105,1,105000
709,1353,106,3,69000
710,1353,101,3,185000
711,1354,101,1,185000
712,1354,107,1,115000
713,1355,106,2,69000
714,1356,102,3,89000
715,1357,104,3,95000
716,1357,108,2,139000
717,1357,102,2,89000
718,1358,106,2,69000
719,1358,103,3,129000
720,1358,107,2,115000
721,1359,108,1,139000
722,1359,107,2,115000
723,1359,103,2,129000
724,1360,103,1,129000
725,1361,104,2,95000
726,1362,108,3,139000
727,1363,108,1,139000
728,1363,104,3,95000
729,1364,108,3,139000
730,1364,102,1,89000
731,1364,105,3,105000
732,1365,101,2,185000
733,1365,107,1,115000
734,1365,108,3,139000
735,1366,101,1,185000
736,1367,108,3,139000
737,1368,107,3,115000
738,1368,101,3,185000
739,1368,108,2,139000
740,1369,107,1,115000
741,1369,108,1,139000
742,1369,102,3,89000
743,1370,105,2,105000
744,1370,107,2,115000
745,1370,103,1,129000
746,1371,104,2,95000
747,1371,106,3,69000
748,1371,102,1,89000
749,1372,107,3,115000
750,1372,104,2,95000
751,1373,102,2,89000
752,1374,101,1,185000
753,1375,102,3,89000
754,1376,101,3,185000
755,1376,102,1,89000
756,1377,104,3,95000
757,1378,103,3,129000
758,1378,107,1,115000
759,1378,106,3,69000
760,1379,104,1,95000
761,1379,107,2,115000
762,1380,101,2,185000
763,1380,106,2,69000
764,1381,107,3,115000
765,1381,104,3,95000
766,1381,102,3,89000
767,1382,105,3,105000
768,1382,107,1,115000
769,1382,102,1,89000
770,1383,103,2,129000
771,1383,106,2,69000
772,1383,104,1,95000
773,1384,106,2,69000
774,1384,107,1,115000
775,1385,108,3,139000
776,1385,105,3,105000
777,1386,106,3,69000
778,1387,101,2,185000
779,1387,103,2,129000
780,1388,103,1,129000
781,1388,106,1,69000
782,1388,104,2,95000
783,1389,102,1,89000
784,1390,108,1,139000
785,1390,107,2,115000
786,1391,108,1,139000
787,1391,105,2,105000
788,1391,107,1,115000
789,1392,106,3,69000
790,1392,107,2,115000
791,1393,103,2,129000
792,1393,108,3,139000
793,1394,107,2,115000
794,1395,106,2,69000
795,1396,104,3,95000
796,1397,101,3,185000
797,1397,106,1,69000
798,1397,104,2,95000
799,1398,108,3,139000
800,1398,102,2,89000
801,1399,107,2,115000
802,1400,107,3,115000
803,1400,105,3,105000
804,1401,102,1,89000
805,1401,101,3,185000
806,1402,101,3,185000
807,1402,105,3,105000
808,1402,106,2,69000
809,1403,102,2,89000
810,1404,104,2,95000
811,1404,108,2,139000
812,1404,103,3,129000
813,1405,101,1,185000
814,1405,104,2,95000
815,1406,103,2,129000
816,1406,108,2,139000
817,1406,107,1,115000
818,1407,102,3,89000
819,1407,104,3,95000
820,1408,101,3,185000
821,1408,107,1,115000
822,1409,103,3,129000
823,1410,103,2,129000
824,1410,108,2,139000
825,1410,105,1,105000
826,1411,107,3,115000
827,1411,104,3,95000
828,1411,101,1,185000
829,1412,104,1,95000
830,1413,103,2,129000
831,1414,105,3,105000
832,1415,107,2,115000
833,1415,105,3,105000
834,1416,103,3,129000
835,1416,107,3,115000
836,1417,106,1,69000
837,1418,106,3,69000
838,1419,103,2,129000
839,1419,105,2,105000
840,1420,103,2,129000
841,1420,105,2,105000
842,1420,102,1,89000
843,1421,101,2,185000
844,1421,107,1,115000
845,1422,108,3,139000
846,1422,104,2,95000
847,1423,102,3,89000
848,1424,105,1,105000
849,1425,108,3,139000
850,1425,105,1,105000
851,1426,106,3,69000
852,1426,105,2,105000
853,1426,101,3,185000
854,1427,104,2,95000
855,1427,103,2,129000
856,1427,101,2,185000
857,1428,104,1,95000
858,1429,107,1,115000
859,1429,102,1,89000
860,1429,105,1,105000
861,1430,103,3,129000
862,1430,108,2,139000
863,1431,102,1,89000
864,1431,108,2,139000
865,1431,104,3,95000
866,1432,106,1,69000
867,1433,105,3,105000
868,1434,102,2,89000
869,1435,108,2,139000
870,1435,104,3,95000
871,1436,106,1,69000
872,1436,107,3,115000
873,1437,108,2,139000
874,1438,103,2,129000
875,1438,105,3,105000
876,1438,104,1,95000
877,1439,101,1,185000
878,1439,108,2,139000
879,1440,103,3,129000
880,1441,102,2,89000
881,1441,106,2,69000
882,1442,103,3,129000
883,1442,101,2,185000
884,1442,104,3,95000
885,1443,102,1,89000
886,1444,104,3,95000
887,1445,106,1,69000
888,1446,104,2,95000
889,1447,106,1,69000
890,1447,103,2,129000
891,1448,101,1,185000
892,1448,105,2,105000
893,1448,106,2,69000
894,1449,108,1,139000
895,1449,107,1,115000
896,1450,107,2,115000
897,1451,104,2,95000
898,1452,105,1,105000
899,1452,107,3,115000
900,1452,106,2,69000
901,1453,104,2,95000
902,1453,106,3,69000
903,1453,108,1,139000
904,1454,104,2,95000
905,1455,106,2,69000
906,1456,107,3,115000
907,1456,103,1,129000
908,1456,105,2,105000
909,1457,101,2,185000
910,1458,107,3,115000
911,1459,107,2,115000
912,1459,106,1,69000
913,1460,105,1,105000
914,1461,106,2,69000
915,1462,107,1,115000
916,1462,106,1,69000
917,1462,102,1,89000
918,1463,101,3,185000
919,1463,103,3,129000
920,1463,106,3,69000
921,1464,103,1,129000
922,1464,106,2,69000
923,1464,101,2,185000
924,1465,105,1,105000
925,1465,102,3,89000
926,1465,103,2,129000
927,1466,105,1,105000
928,1466,108,2,139000
929,1467,106,2,69000
930,1467,101,3,185000
931,1468,102,3,89000
932,1468,105,3,105000
933,1469,101,1,185000
934,1469,108,1,139000
935,1469,107,2,115000
936,1470,103,1,129000
937,1471,104,3,95000
938,1471,108,2,139000
939,1472,102,3,89000
940,1472,105,1,105000
941,1473,101,2,185000
942,1473,104,2,95000
943,1473,108,2,139000
944,1474,101,1,185000
945,1474,103,2,129000
946,1475,104,3,95000
947,1475,108,2,139000
948,1475,103,1,129000
949,1476,107,1,115000
950,1477,101,3,185000
951,1477,103,2,129000
952,1477,108,3,139000
953,1478,104,1,95000
954,1478,108,1,139000
955,1478,107,3,115000
956,1479,107,3,115000
957,1480,102,3,89000
958,1481,101,1,185000
959,1481,104,1,95000
960,1481,106,2,69000
961,1482,106,2,69000
962,1482,103,2,129000
963,1483,102,1,89000
964,1484,106,1,69000
965,1484,104,3,95000
966,1485,108,1,139000
967,1485,103,1,129000
968,1486,101,1,185000
969,1486,102,1,89000
970,1486,103,3,129000
971,1487,101,2,185000
972,1487,106,1,69000
973,1487,103,1,129000
974,1488,104,1,95000
975,1488,101,1,185000
976,1488,108,1,139000
977,1489,103,1,129000
978,1490,102,2,89000
979,1490,105,1,105000
980,1490,107,1,115000
981,1491,108,1,139000
982,1491,107,2,115000
983,1491,102,1,89000
984,1492,107,3,115000
985,1493,107,2,115000
986,1493,102,1,89000
987,1494,103,3,129000
988,1494,101,3,185000
989,1495,108,3,139000
990,1495,104,2,95000
991,1496,103,1,129000
992,1496,104,3,95000
993,1497,101,2,185000
994,1497,104,2,95000
995,1497,106,3,69000
996,1498,106,1,69000
997,1498,104,1,95000
998,1498,103,2,129000
999,1499,101,2,185000
1000,1499,107,3,115000
1001,1500,104,3,95000
1002,1501,101,3,185000
1003,1501,107,2,115000
1004,1501,102,2,89000
1005,1502,106,3,69000
1006,1502,107,2,115000
1007,1502,108,3,139000
1008,1503,103,2,129000
1009,1503,105,3,105000
1010,1503,102,2,89000
1011,1504,101,1,185000
1012,1505,108,3,139000
1013,1505,101,1,185000
1014,1505,103,1,129000
1015,1506,101,1,185000
1016,1506,108,3,139000
1017,1507,106,3,69000
1018,1507,101,3,185000
1019,1507,103,2,129000
1020,1508,106,1,69000
1021,1508,102,3,89000
1022,1509,103,3,129000
1023,1509,106,3,69000
1024,1510,103,3,129000
1025,1510,104,3,95000
1026,1510,108,2,139000
1027,1511,107,3,115000
1028,1512,104,3,95000
1029,1512,106,1,69000
1030,1513,102,2,89000
1031,1513,108,1,139000
1032,1513,103,3,129000
1033,1514,105,1,105000
1034,1515,102,1,89000
1035,1515,106,1,69000
1036,1516,103,2,129000
1037,1516,104,2,95000
1038,1517,104,2,95000
1039,1517,102,1,89000
1040,1518,105,1,105000
1041,1518,101,2,185000
1042,1519,102,2,89000
1043,1519,105,3,105000
1044,1519,101,3,185000
1045,1520,103,1,129000
1046,1520,105,1,105000
1047,1520,104,1,95000
1048,1521,105,2,105000
1049,1521,106,2,69000
1050,1522,108,1,139000
1051,1522,102,2,89000
1052,1523,108,1,139000
1053,1523,102,1,89000
1054,1524,102,1,89000
1055,1524,104,2,95000
1056,1525,105,3,105000
1057,1525,101,2,185000
1058,1525,106,1,69000
1059,1526,108,1,139000
1060,1527,104,2,95000
1061,1527,107,3,115000
1062,1528,102,2,89000
1063,1528,101,3,185000
1064,1528,106,2,69000
1065,1529,107,3,115000
1066,1530,108,2,139000
1067,1531,101,3,185000
1068,1531,105,3,105000
1069,1531,107,3,115000
1070,1532,103,1,129000
1071,1532,102,1,89000
1072,1533,107,1,115000
1073,1534,105,1,105000
1074,1534,103,1,129000
1075,1534,106,2,69000
1076,1535,105,2,105000
1077,1535,108,1,139000
1078,1536,102,1,89000
1079,1536,104,1,95000
1080,1537,102,2,89000
1081,1538,105,3,105000
1082,1538,104,2,95000
1083,1539,105,2,105000
1084,1540,106,1,69000
1085,1540,108,1,139000
1086,1541,101,2,185000
1087,1541,103,2,129000
1088,1542,102,1,89000
1089,1542,107,2,115000
1090,1542,108,3,139000
1091,1543,107,1,115000
1092,1543,105,1,105000
1093,1543,106,2,69000
1094,1544,106,1,69000
1095,1544,107,3,115000
1096,1545,107,3,115000
1097,1545,102,1,89000
1098,1545,105,1,105000
1099,1546,104,1,95000
1100,1547,104,2,95000
1101,1547,103,2,129000
1102,1548,101,1,185000
1103,1549,103,2,129000
1104,1549,107,3,115000
1105,1550,105,3,105000
1106,1551,101,3,185000
1107,1551,102,1,89000
1108,1552,105,3,105000
1109,1553,101,3,185000
1110,1553,104,1,95000
1111,1553,102,3,89000
1112,1554,105,3,105000
1113,1554,106,2,69000
1114,1554,107,2,115000
1115,1555,104,2,95000
1116,1555,108,3,139000
1117,1556,101,3,185000
1118,1557,105,1,105000
1119,1557,103,2,129000
1120,1557,106,1,69000
1121,1558,105,3,105000
1122,1558,103,3,129000
1123,1559,104,1,95000
1124,1560,103,1,129000
1125,1560,106,3,69000
1126,1561,107,3,115000
1127,1561,104,1,95000
1128,1562,104,3,95000
1129,1562,106,2,69000
1130,1562,105,3,105000
1131,1563,103,2,129000
1132,1564,105,1,105000
1133,1564,106,3,69000
1134,1564,108,2,139000
1135,1565,104,2,95000
1136,1565,106,2,69000
1137,1566,105,2,105000
1138,1566,104,1,95000
1139,1566,101,3,185000
1140,1567,102,3,89000
1141,1568,103,1,129000
1142,1569,108,3,139000
1143,1569,102,1,89000
1144,1569,103,1,129000
1145,1570,106,3,69000
1146,1571,104,1,95000
1147,1571,107,3,115000
1148,1572,103,3,129000
1149,1573,108,1,139000
1150,1573,104,1,95000
1151,1574,101,3,185000
1152,1574,103,1,129000
1153,1575,104,2,95000
1154,1575,102,2,89000
1155,1575,106,1,69000
1156,1576,105,1,105000
1157,1576,102,2,89000
1158,1576,101,2,185000
1159,1577,106,1,69000
1160,1577,104,2,95000
1161,1577,108,2,139000
1162,1578,101,1,185000
1163,1578,102,3,89000
1164,1579,103,1,129000
1165,1580,105,3,105000
1166,1580,107,1,115000
1167,1580,108,3,139000
1168,1581,101,3,185000
1169,1582,102,2,89000
1170,1582,105,2,105000
1171,1583,101,3,185000
1172,1583,103,1,129000
1173,1583,104,3,95000
1174,1584,103,3,129000
1175,1584,104,3,95000
1176,1584,101,3,185000
1177,1585,108,1,139000
1178,1586,104,3,95000
1179,1586,103,2,129000
1180,1587,108,2,139000
1181,1587,102,2,89000
1182,1587,106,1,69000
1183,1588,102,3,89000
1184,1589,102,3,89000
1185,1590,108,2,139000
1186,1591,103,1,129000
1187,1592,106,1,69000
1188,1592,104,1,95000
1189,1592,108,1,139000
1190,1593,103,2,129000
1191,1593,108,3,139000
1192,1593,107,2,115000
1193,1594,103,2,129000
1194,1594,101,2,185000
1195,1595,108,2,139000
1196,1595,107,3,115000
1197,1596,101,1,185000
1198,1596,107,2,115000
1199,1596,102,3,89000
1200,1597,107,3,115000
1201,1597,108,1,139000
1202,1597,103,3,129000
1203,1598,102,2,89000
1204,1598,104,1,95000
1205,1599,101,3,185000
1206,1599,106,3,69000
1207,1600,102,3,89000
1208,1600,104,3,95000
1209,1601,107,3,115000
1210,1601,102,1,89000
1211,1601,105,1,105000
1212,1602,108,1,139000
1213,1602,107,1,115000
1214,1603,105,3,105000
1215,1603,101,1,185000
1216,1604,102,2,89000
1217,1605,108,1,139000
1218,1605,103,2,129000
1219,1606,107,3,115000
1220,1606,101,3,185000
1221,1607,105,1,105000
1222,1607,108,3,139000
1223,1607,107,3,115000
1224,1608,104,2,95000
1225,1609,106,1,69000
1226,1609,108,1,139000
1227,1609,104,3,95000
1228,1610,105,3,105000
1229,1610,108,2,139000
1230,1611,108,1,139000
1231,1612,104,2,95000
1232,1612,102,1,89000
1233,1612,101,2,185000
1234,1613,101,3,185000
1235,1613,106,3,69000
1236,1614,103,3,129000
1237,1614,104,3,95000
1238,1614,101,1,185000
1239,1615,108,3,139000
1240,1615,105,3,105000
1241,1615,102,1,89000
1242,1616,106,2,69000
1243,1616,105,3,105000
1244,1616,104,3,95000
1245,1617,105,1,105000
1246,1617,104,1,95000
1247,1618,106,3,69000
1248,1618,108,3,139000
1249,1618,107,1,115000
1250,1619,105,3,105000
1251,1619,106,1,69000
1252,1619,103,3,129000
1253,1620,106,2,69000
1254,1620,108,3,139000
1255,1620,101,2,185000
1256,1621,105,1,105000
1257,1621,107,3,115000
1258,1621,104,1,95000
1259,1622,101,1,185000
1260,1623,105,3,105000
1261,1623,102,2,89000
1262,1623,101,1,185000
1263,1624,102,3,89000
1264,1624,105,3,105000
1265,1625,107,3,115000
1266,1625,102,2,89000
1267,1625,105,3,105000
1268,1626,107,3,115000
1269,1626,104,2,95000
1270,1627,105,2,105000
1271,1627,102,1,89000
1272,1627,108,3,139000
1273,1628,104,1,95000
1274,1628,107,2,115000
1275,1628,106,2,69000
1276,1629,102,2,89000
1277,1630,105,3,105000
1278,1630,102,2,89000
1279,1630,107,1,115000
1280,1631,101,1,185000
1281,1632,105,3,105000
1282,1632,104,2,95000
1283,1632,108,1,139000
1284,1633,102,3,89000
1285,1634,107,1,115000
1286,1634,101,1,185000
1287,1634,103,3,129000
1288,1635,104,3,95000
1289,1635,107,3,115000
1290,1636,106,3,69000
1291,1636,104,3,95000
1292,1636,102,3,89000
1293,1637,107,1,115000
1294,1637,108,2,139000
1295,1638,106,2,69000
1296,1638,105,2,105000
1297,1638,107,1,115000
1298,1639,102,3,89000
1299,1639,101,3,185000
1300,1639,108,1,139000
1301,1640,104,2,95000
1302,1640,107,1,115000
1303,1640,106,1,69000
1304,1641,103,1,129000
1305,1642,102,1,89000
1306,1643,104,2,95000
1307,1644,107,1,115000
1308,1644,104,2,95000
1309,1644,103,3,129000
1310,1645,102,3,89000
1311,1645,107,1,115000
1312,1645,106,3,69000
1313,1646,102,2,89000
1314,1646,103,3,129000
1315,1646,106,1,69000
1316,1647,101,1,185000
1317,1647,104,3,95000
1318,1648,105,1,105000
1319,1648,106,2,69000
1320,1649,103,1,129000
1321,1649,101,3,185000
1322,1649,107,3,115000
1323,1650,106,1,69000
1324,1651,103,1,129000
1325,1652,103,3,129000
1326,1653,108,1,139000
1327,1653,106,2,69000
1328,1653,105,3,105000
1329,1654,108,2,139000
1330,1655,104,3,95000
1331,1655,101,1,185000
1332,1655,103,1,129000
1333,1656,105,3,105000
1334,1656,106,1,69000
1335,1657,107,1,115000
1336,1657,102,2,89000
1337,1658,107,1,115000
1338,1658,103,3,129000
1339,1658,108,3,139000
1340,1659,106,2,69000
1341,1659,107,2,115000
1342,1660,102,1,89000
1343,1660,107,3,115000
1344,1660,103,1,129000
1345,1661,101,3,185000
1346,1662,107,1,115000
1347,1662,108,1,139000
1348,1662,105,3,105000
1349,1663,106,2,69000
1350,1664,102,2,89000
1351,1664,104,3,95000
1352,1665,103,1,129000
1353,1665,107,2,115000
1354,1665,105,1,105000
1355,1666,108,1,139000
1356,1666,103,2,129000
1357,1666,101,1,185000
1358,1667,101,3,185000
1359,1668,107,2,115000
1360,1668,104,1,95000
1361,1669,105,2,105000
1362,1669,107,3,115000
1363,1669,106,3,69000
1364,1670,107,3,115000
1365,1670,103,1,129000
1366,1670,105,3,105000
1367,1671,107,2,115000
1368,1672,101,1,185000
1369,1672,105,2,105000
1370,1673,105,1,105000
1371,1673,102,1,89000
1372,1673,107,2,115000
1373,1674,107,2,115000
1374,1675,108,3,139000
1375,1675,102,1,89000
1376,1676,101,1,185000
1377,1677,101,1,185000
1378,1677,105,1,105000
1379,1677,102,2,89000
1380,1678,101,3,185000
1381,1678,106,2,69000
1382,1678,107,1,115000
1383,1679,108,1,139000
1384,1679,102,2,89000
1385,1680,103,3,129000
1386,1680,105,2,105000
1387,1680,106,1,69000
1388,1681,102,2,89000
1389,1681,108,1,139000
1390,1681,104,1,95000
1391,1682,107,3,115000
1392,1682,108,1,139000
1393,1682,102,1,89000
1394,1683,102,3,89000
1395,1683,101,1,185000
1396,1683,104,3,95000
1397,1684,107,2,115000
1398,1684,105,1,105000
1399,1684,104,3,95000
1400,1685,107,3,115000
1401,1685,103,3,129000
1402,1686,105,2,105000
1403,1687,107,1,115000
1404,1687,103,3,129000
1405,1687,102,3,89000
1406,1688,101,1,185000
1407,1688,104,3,95000
1408,1688,106,2,69000
1409,1689,107,3,115000
1410,1690,107,3,115000
1411,1690,105,2,105000
1412,1690,103,3,129000
1413,1691,108,3,139000
1414,1691,102,3,89000
1415,1691,103,2,129000
1416,1692,107,1,115000
1417,1692,106,3,69000
1418,1693,103,3,129000
1419,1693,101,2,185000
1420,1693,102,2,89000
1421,1694,101,1,185000
1422,1694,107,1,115000
1423,1695,105,1,105000
1424,1696,107,2,115000
1425,1697,101,3,185000
1426,1697,107,2,115000
1427,1697,102,2,89000
1428,1698,105,3,105000
1429,1698,102,3,89000
1430,1698,101,3,185000
1431,1699,106,1,69000
1432,1700,105,2,105000
1433,1701,104,3,95000
1434,1701,105,3,105000
1435,1701,101,1,185000
1436,1702,106,1,69000
1437,1702,103,3,129000
1438,1702,107,1,115000
1439,1703,105,1,105000
1440,1704,102,2,89000
1441,1704,105,1,105000
1442,1704,103,3,129000
1443,1705,107,2,115000
1444,1705,105,1,105000
1445,1706,101,1,185000
1446,1706,104,2,95000
1447,1707,104,2,95000
1448,1708,101,1,185000
1449,1708,106,2,69000
1450,1708,103,1,129000
1451,1709,103,2,129000
1452,1709,104,1,95000
1453,1709,108,3,139000
1454,1710,104,1,95000
1455,1710,108,1,139000
1456,1710,106,3,69000
1457,1711,104,1,95000
1458,1712,102,1,89000
1459,1713,101,2,185000
1460,1714,105,3,105000
1461,1714,104,2,95000
1462,1714,102,2,89000
1463,1715,107,1,115000
1464,1715,104,3,95000
1465,1715,105,2,105000
1466,1716,108,2,139000
1467,1717,107,3,115000
1468,1718,105,2,105000
1469,1718,102,1,89000
1470,1718,108,2,139000
1471,1719,108,2,139000
1472,1720,106,2,69000
1473,1720,107,2,115000
1474,1721,104,1,95000
1475,1722,107,1,115000
1476,1722,102,3,89000
1477,1723,103,2,129000
1478,1724,106,2,69000
1479,1724,107,2,115000
1480,1724,104,3,95000
1481,1725,103,1,129000
1482,1726,102,2,89000
1483,1726,104,2,95000
1484,1726,106,2,69000
1485,1727,107,1,115000
1486,1728,103,2,129000
1487,1728,107,2,115000
1488,1728,108,3,139000
1489,1729,108,3,139000
1490,1729,101,2,185000
1491,1729,104,2,95000
1492,1730,106,2,69000
1493,1731,102,1,89000
1494,1732,105,2,105000
1495,1732,106,3,69000
1496,1733,106,3,69000
1497,1733,108,3,139000
1498,1734,101,1,185000
1499,1735,102,2,89000
1500,1735,108,1,139000
1501,1735,107,1,115000
1502,1736,101,2,185000
1503,1737,103,3,129000
1504,1737,101,2,185000
1505,1738,105,1,105000
1506,1738,104,1,95000
1507,1738,106,3,69000
1508,1739,106,2,69000
1509,1739,107,2,115000
1510,1739,103,3,129000
1511,1740,103,2,129000
1512,1740,105,3,105000
1513,1740,107,3,115000
1514,1741,105,3,105000
1515,1741,103,1,129000
1516,1741,104,1,95000
1517,1742,105,2,105000
1518,1742,102,1,89000
1519,1743,106,2,69000
1520,1744,108,1,139000
1521,1744,103,2,129000
1522,1745,106,1,69000
1523,1746,103,3,129000
1524,1747,104,1,95000
1525,1747,103,2,129000
1526,1748,105,3,105000
1527,1748,103,3,129000
1528,1748,106,2,69000
1529,1749,103,1,129000
1530,1750,108,3,139000
1531,1750,103,3,129000
1532,1751,103,1,129000
1533,1752,105,2,105000
1534,1753,104,1,95000
1535,1754,106,2,69000
1536,1755,101,1,185000
1537,1755,103,1,129000
1538,1756,102,2,89000
1539,1756,105,1,105000
1540,1757,101,3,185000
1541,1757,108,1,139000
1542,1758,101,3,185000
1543,1758,102,1,89000
1544,1758,104,3,95000
1545,1759,105,1,105000
1546,1759,103,3,129000
1547,1760,108,2,139000
1548,1760,106,1,69000
1549,1761,104,3,95000
1550,1761,101,2,185000
1551,1761,102,2,89000
1552,1762,102,1,89000
1553,1762,104,1,95000
1554,1763,103,1,129000
1555,1763,108,1,139000
1556,1763,101,2,185000
1557,1764,101,3,185000
1558,1764,108,1,139000
1559,1764,103,3,129000
1560,1765,104,3,95000
1561,1765,103,3,129000
1562,1766,101,3,185000
1563,1767,105,1,105000
1564,1768,108,3,139000
1565,1768,102,1,89000
1566,1769,108,3,139000
1567,1769,103,1,129000
1568,1769,105,1,105000
1569,1770,105,2,105000
1570,1770,108,2,139000
1571,1771,103,2,129000
1572,1771,101,3,185000
1573,1771,105,1,105000
1574,1772,107,3,115000
1575,1772,102,2,89000
1576,1772,105,3,105000
1577,1773,106,1,69000
1578,1773,101,3,185000
1579,1774,103,1,129000
1580,1775,102,1,89000
1581,1776,105,2,105000
1582,1776,101,1,185000
1583,1777,108,1,139000
1584,1778,107,3,115000
1585,1778,108,1,139000
1586,1778,103,3,129000
1587,1779,102,1,89000
1588,1779,107,1,115000
1589,1779,103,3,129000
1590,1780,107,1,115000
1591,1781,103,3,129000
1592,1782,106,3,69000
1593,1783,103,1,129000
1594,1784,103,3,129000
1595,1784,105,2,105000
1596,1785,106,3,69000
1597,1785,104,2,95000
1598,1786,104,3,95000
1599,1786,108,2,139000
1600,1786,105,2,105000
1601,1787,101,2,185000
1602,1788,105,1,105000
1603,1789,101,3,185000
1604,1789,107,2,115000
1605,1790,103,2,129000
1606,1790,101,2,185000
1607,1790,107,1,115000
1608,1791,104,2,95000
1609,1791,102,1,89000
1610,1791,103,3,129000
1611,1792,106,2,69000
1612,1793,102,2,89000
1613,1793,105,1,105000
1614,1793,106,3,69000
1615,1794,106,2,69000
1616,1795,104,3,95000
1617,1796,107,3,115000
1618,1796,101,1,185000
1619,1796,103,2,129000
1620,1797,104,3,95000
1621,1797,102,3,89000
1622,1797,101,2,185000
1623,1798,107,2,115000
1624,1799,102,3,89000
1625,1799,104,3,95000
1626,1800,107,3,115000
1627,1801,108,3,139000
1628,1802,104,3,95000
1629,1802,105,3,105000
1630,1802,107,1,115000
1631,1803,106,3,69000
1632,1803,108,1,139000
1633,1804,106,2,69000
1634,1804,102,2,89000
1635,1805,103,3,129000
1636,1805,108,2,139000
1637,1806,104,1,95000
1638,1807,102,1,89000
1639,1807,101,1,185000
1640,1807,106,3,69000
1641,1808,102,2,89000
1642,1808,103,2,129000
1643,1809,104,3,95000
1644,1809,102,2,89000
1645,1809,105,3,105000
1646,1810,101,3,185000
1647,1810,104,3,95000
1648,1810,105,1,105000
1649,1811,104,3,95000
1650,1811,107,3,115000
1651,1812,101,3,185000
1652,1812,108,2,139000
1653,1812,104,3,95000
1654,1813,101,2,185000
1655,1814,102,2,89000
1656,1814,103,3,129000
1657,1815,108,3,139000
1658,1816,105,2,105000
1659,1816,103,3,129000
1660,1816,104,1,95000
1661,1817,106,2,69000
1662,1817,108,1,139000
1663,1818,105,2,105000
1664,1819,106,2,69000
1665,1820,107,3,115000
1666,1820,105,3,105000
1667,1820,106,3,69000
1668,1821,103,3,129000
1669,1821,104,2,95000
1670,1821,108,2,139000
1671,1822,103,3,129000
1672,1822,105,1,105000
1673,1822,107,1,115000
1674,1823,107,1,115000
1675,1824,102,1,89000
1676,1825,106,2,69000
1677,1826,105,1,105000
1678,1826,102,1,89000
1679,1826,107,1,115000
1680,1827,104,1,95000
1681,1827,105,3,105000
1682,1827,102,1,89000
1683,1828,103,3,129000
1684,1828,105,2,105000
1685,1829,108,1,139000
1686,1829,104,1,95000
1687,1830,101,2,185000
1688,1830,103,1,129000
1689,1831,102,1,89000
1690,1832,108,2,139000
1691,1832,102,2,89000
1692,1833,107,3,115000
1693,1833,105,3,105000
1694,1834,101,2,185000
1695,1834,105,2,105000
1696,1834,108,1,139000
1697,1835,101,2,185000
1698,1835,105,3,105000
1699,1836,108,2,139000
1700,1836,104,2,95000
1701,1837,101,3,185000
1702,1837,106,1,69000
1703,1838,102,3,89000
1704,1838,108,3,139000
1705,1838,105,1,105000
1706,1839,101,2,185000
1707,1839,102,3,89000
1708,1840,106,3,69000
1709,1840,108,3,139000
1710,1841,108,3,139000
1711,1842,107,3,115000
1712,1842,106,1,69000
1713,1842,105,2,105000
1714,1843,106,3,69000
1715,1844,103,3,129000
1716,1845,108,3,139000
1717,1845,103,1,129000
1718,1846,105,1,105000
1719,1847,101,2,185000
1720,1847,105,1,105000
1721,1848,108,3,139000
1722,1848,101,3,185000
1723,1849,105,3,105000
1724,1849,108,1,139000
1725,1849,106,1,69000
1726,1850,106,1,69000
1727,1850,101,3,185000
1728,1850,102,3,89000
1729,1851,101,1,185000
1730,1852,105,3,105000
1731,1852,108,3,139000
1732,1852,106,3,69000
1733,1853,106,2,69000
1734,1853,101,2,185000
1735,1853,107,2,115000
1736,1854,102,2,89000
1737,1854,103,1,129000
1738,1855,107,3,115000
1739,1855,105,1,105000
1740,1855,102,3,89000
1741,1856,102,3,89000
1742,1856,104,3,95000
1743,1856,106,3,69000
1744,1857,105,3,105000
1745,1857,108,3,139000
1746,1858,108,3,139000
1747,1858,105,2,105000
1748,1858,106,2,69000
1749,1859,104,1,95000
1750,1859,101,1,185000
1751,1860,107,2,115000
1752,1861,104,1,95000
1753,1861,101,3,185000
1754,1861,106,2,69000
1755,1862,106,1,69000
1756,1862,107,1,115000
1757,1863,101,1,185000
1758,1863,107,2,115000
1759,1863,102,2,89000
1760,1864,101,1,185000
1761,1864,106,2,69000
1762,1865,106,3,69000
1763,1865,104,1,95000
1764,1865,107,3,115000
1765,1866,101,3,185000
1766,1866,102,2,89000
1767,1866,105,2,105000
1768,1867,106,2,69000
1769,1868,107,1,115000
1770,1868,102,2,89000
1771,1868,105,3,105000
1772,1869,102,1,89000
1773,1869,104,2,95000
1774,1870,105,2,105000
1775,1870,102,1,89000
1776,1870,101,1,185000
1777,1871,108,3,139000
1778,1872,105,2,105000
1779,1872,107,1,115000
1780,1873,104,3,95000
1781,1874,102,1,89000
1782,1874,101,3,185000
1783,1874,103,3,129000
1784,1875,102,3,89000
1785,1876,105,2,105000
1786,1876,106,1,69000
1787,1876,102,1,89000
1788,1877,108,1,139000
1789,1877,106,2,69000
1790,1878,101,3,185000
1791,1879,106,3,69000
1792,1880,105,1,105000
1793,1880,108,1,139000
1794,1880,102,2,89000
1795,1881,101,1,185000
1796,1881,102,2,89000
1797,1882,101,2,185000
1798,1882,108,2,139000
1799,1883,105,1,105000
1800,1883,103,3,129000
1801,1884,103,3,129000
1802,1884,101,2,185000
1803,1885,108,1,139000
1804,1885,104,1,95000
1805,1885,102,3,89000
1806,1886,106,2,69000
1807,1887,108,1,139000
1808,1888,105,2,105000
1809,1889,107,3,115000
1810,1890,102,3,89000
1811,1890,107,2,115000
1812,1890,103,2,129000
1813,1891,104,2,95000
1814,1891,105,2,105000
1815,1891,102,1,89000
1816,1892,107,3,115000
1817,1892,108,2,139000
1818,1892,104,3,95000
1819,1893,102,3,89000
1820,1893,106,2,69000
1821,1893,107,1,115000
1822,1894,102,1,89000
1823,1894,107,2,115000
1824,1894,104,2,95000
1825,1895,107,3,115000
1826,1895,103,3,129000
1827,1895,104,1,95000
1828,1896,101,1,185000
1829,1897,105,3,105000
1830,1897,104,2,95000
1831,1897,108,1,139000
1832,1898,105,2,105000
1833,1898,104,1,95000
1834,1898,106,3,69000
1835,1899,105,1,105000
1836,1900,106,1,69000
1837,1900,101,1,185000
1838,1900,103,2,129000
1839,1901,107,2,115000
1840,1901,104,2,95000
1841,1902,108,1,139000
1842,1903,107,2,115000
1843,1903,102,3,89000
1844,1904,101,1,185000
1845,1905,103,3,129000
1846,1906,107,2,115000
1847,1906,105,3,105000
1848,1906,102,2,89000
1849,1907,104,2,95000
1850,1907,102,3,89000
1851,1908,104,2,95000
1852,1908,106,2,69000
1853,1908,105,3,105000
1854,1909,108,3,139000
1855,1910,102,3,89000
1856,1910,108,3,139000
1857,1911,102,1,89000
1858,1911,105,1,105000
1859,1911,107,2,115000
1860,1912,105,2,105000
1861,1912,108,3,139000
1862,1912,101,1,185000
1863,1913,106,2,69000
1864,1913,104,2,95000
1865,1914,105,2,105000
1866,1914,106,1,69000
1867,1914,108,3,139000
1868,1915,105,3,105000
1869,1916,102,3,89000
1870,1916,108,1,139000
1871,1917,105,1,105000
1872,1917,103,3,129000
1873,1917,107,1,115000
1874,1918,103,2,129000
1875,1918,106,1,69000
1876,1918,104,2,95000
1877,1919,101,1,185000
1878,1919,103,3,129000
1879,1919,108,1,139000
1880,1920,104,2,95000
1881,1920,106,3,69000
1882,1921,106,2,69000
1883,1921,101,1,185000
1884,1921,108,1,139000
1885,1922,105,3,105000
1886,1922,104,3,95000
1887,1923,107,1,115000
1888,1923,104,3,95000
1889,1923,103,2,129000
1890,1924,107,2,115000
1891,1924,106,3,69000
1892,1925,106,3,69000
1893,1925,107,3,115000
1894,1925,104,2,95000
1895,1926,105,3,105000
1896,1927,104,3,95000
1897,1927,106,1,69000
1898,1927,107,3,115000
1899,1928,101,1,185000
1900,1928,106,1,69000
1901,1928,108,2,139000
1902,1929,108,3,139000
1903,1929,103,2,129000
1904,1929,102,2,89000
1905,1930,102,3,89000
1906,1930,101,1,185000
1907,1930,105,3,105000
1908,1931,102,3,89000
1909,1932,103,1,129000
1910,1932,101,2,185000
1911,1932,106,2,69000
1912,1933,105,2,105000
1913,1933,107,3,115000
1914,1934,102,2,89000
1915,1935,101,2,185000
1916,1935,103,1,129000
1917,1936,107,1,115000
1918,1937,107,1,115000
1919,1938,105,1,105000
1920,1938,101,1,185000
1921,1939,101,1,185000
1922,1939,104,3,95000
1923,1940,107,2,115000
1924,1941,101,3,185000
1925,1941,105,2,105000
1926,1942,102,1,89000
1927,1942,105,2,105000
1928,1942,108,3,139000
1929,1943,106,2,69000
1930,1943,103,2,129000
1931,1943,108,1,139000
1932,1944,106,2,69000
1933,1944,101,3,185000
1934,1944,104,1,95000
1935,1945,104,2,95000
1936,1945,103,1,129000
1937,1945,106,3,69000
1938,1946,108,1,139000
1939,1946,106,1,69000
1940,1946,102,1,89000
1941,1947,102,3,89000
1942,1947,107,3,115000
1943,1948,101,2,185000
1944,1948,108,1,139000
1945,1949,104,3,95000
1946,1950,103,1,129000
1947,1950,106,1,69000
1948,1950,105,1,105000
1949,1951,108,3,139000
1950,1952,103,3,129000
1951,1952,101,1,185000
1952,1952,102,2,89000
1953,1953,102,1,89000
1954,1954,104,2,95000
1955,1954,101,2,185000
1956,1954,102,3,89000
1957,1955,103,2,129000
1958,1956,106,1,69000
1959,1957,103,2,129000
1960,1957,106,3,69000
1961,1958,101,3,185000
1962,1958,102,3,89000
1963,1958,108,2,139000
1964,1959,102,1,89000
1965,1959,101,1,185000
1966,1960,108,1,139000
1967,1960,106,1,69000
1968,1960,102,3,89000
1969,1961,104,3,95000
1970,1961,102,3,89000
1971,1962,102,2,89000
1972,1962,106,2,69000
1973,1963,104,1,95000
1974,1964,104,3,95000
1975,1964,108,3,139000
1976,1965,102,1,89000
1977,1966,101,1,185000
1978,1967,107,2,115000
1979,1968,101,3,185000
1980,1969,108,3,139000
1981,1970,108,3,139000
1982,1971,106,1,69000
1983,1972,104,3,95000
1984,1973,102,2,89000
1985,1974,103,3,129000
1986,1974,102,2,89000
1987,1975,108,3,139000
1988,1976,106,1,69000
1989,1977,102,2,89000
1990,1978,104,3,95000
1991,1978,103,1,129000
1992,1979,104,3,95000
1993,1979,101,2,185000
1994,1979,108,1,139000
1995,1980,105,3,105000
1996,1980,101,2,185000
1997,1981,104,1,95000
1998,1981,105,3,105000
1999,1982,108,3,139000
2000,1983,107,1,115000
2001,1983,104,2,95000
2002,1983,106,2,69000
2003,1984,107,1,115000
2004,1985,102,1,89000
2005,1986,108,3,139000
2006,1986,107,3,115000
2007,1986,105,1,105000
2008,1987,107,1,115000
2009,1988,101,1,185000
2010,1988,107,2,115000
2011,1988,106,3,69000
2012,1989,105,3,105000
2013,1989,106,3,69000
2014,1990,102,3,89000
2015,1990,105,1,105000
2016,1990,103,3,129000
2017,1991,102,2,89000
2018,1992,106,2,69000
2019,1993,104,1,95000
2020,1993,102,3,89000
2021,1993,103,1,129000
2022,1994,104,1,95000
2023,1994,107,2,115000
2024,1994,106,2,69000
2025,1995,105,1,105000
2026,1995,101,2,185000
2027,1996,102,3,89000
2028,1996,104,3,95000
2029,1996,106,3,69000
2030,1997,102,2,89000
2031,1997,108,1,139000
2032,1998,105,1,105000
2033,1999,103,2,129000
2034,2000,101,3,185000
2035,2000,103,3,129000
2036,2000,104,1,95000
